query_id;plan_id;dop;query_dop;operator_type;execution_time;total_time;start_time;estimate_costs;estimate_rows;actual_rows;l_input_rows;r_input_rows;nloops;peak_mem;cstore_buffers;instance_mem;width;table_names;index_names;filter;join_names;predicate_cost;agg_col;agg_width;disk_ratio;agg_groups;build_time;hash_time;hash_table_size;jointype;hash_width;stream_data_send_time;stream_quota_time;stream_poll_time;stream_data_copy_time;up_dop;down_dop;child_plan;is_executed
1;0;1;8;Row Adapter;0.01;3907.1;3907.1;0.0;6;4;4;0;1;92;5334016;33554432;280;none;;;;0;0;0;0.0;0.0;0.0;0.0;0.0;none;0;0.0;0.0;0.0;0.0;0;0;1;1
1;1;1;8;Vector Sort;1.276;3907.09;3907.09;0.015;6;4;4;0;1;492;5334016;33554432;280;none;;;;0;2;0;0.0;0.0;0.0;0.0;0.0;none;0;0.0;0.0;0.0;0.0;0;0;2;1
1;2;1;8;Vector Streaming LOCAL GATHER;0.224;3905.82;3905.8;0.313052;6;4;4;0;1;325;5334016;33554432;280;none;;;;0;0;0;0.0;0.0;0.0;0.0;0.0;none;0;0.0;0.0;3905.64;0.069;1;8;3;1
1;3;8;8;Vector Sonic Hash Aggregate;5.226;3889.18;3866.34;0.013125;6;4;32;0;1;25532;5334016;33554432;280;none;;;;0;2;0;0.0;32.0;0.071;0.133;121.5;none;0;0.112;0.0;0.0;0.11;0;0;4;1
1;4;8;8;Vector Streaming LOCAL REDISTRIBUTE;0.192;3883.95;3707.28;0.953437;6;32;32;0;1;1875;5334016;33554432;280;none;;;;0;0;0;0.0;0.0;0.0;0.0;0.0;none;0;0.0;0.0;3875.98;0.04825;8;8;5;1
1;5;8;8;Vector Sonic Hash Aggregate;2920.21;3873.74;3715.58;0.013125;6;32;59984832;0;1;26176;5334016;33554432;280;none;;;;0;2;232;0.0;32.0;396.315;2516.53;121.5;none;0;0.096;0.0;0.0;0.094;0;0;6;1
1;6;8;8;CStore Scan;953.53;953.53;19.501;186994.0;59980460;59984832;59986052;0;1;9912;5334016;33554432;48;lineitem;;(l_shipdate <= '1998-11-28 00:00:00'::timestamp without time zone);;0;0;0;0.0;0.0;0.0;0.0;0.0;none;0;0.0;0.0;0.0;0.0;0;0;;1
2;0;1;8;Row Adapter;0.021;1162.19;1162.19;0.0;3;100;100;0;1;74;5334016;33554432;276;none;;;;0;0;0;0.0;0.0;0.0;0.0;0.0;none;0;0.0;0.0;0.0;0.0;0;0;1;1
2;1;1;8;Vector Limit;0.013;1162.17;1162.17;0.0075;3;100;100;0;1;4;5334016;33554432;276;none;;;;0;0;0;0.0;0.0;0.0;0.0;0.0;none;0;0.0;0.0;0.0;0.0;0;0;2;1
2;2;1;8;Vector Sort;4.804;1162.16;1162.16;0.0075;3;100;4667;0;1;509;5334016;33554432;276;none;;;;0;4;0;0.0;0.0;0.0;0.0;0.0;none;0;0.0;0.0;0.0;0.0;0;0;3;1
2;3;1;8;Vector Nest Loop;6.927;1157.36;600.715;40542.7;3;4667;4668;23345;1;365;5334016;33554432;276;none;;;(public.nation.n_nationkey = public.supplier.s_nationkey);0;0;0;0.0;0.0;0.0;0.0;0.0;Inner;0;0.0;0.0;0.0;0.0;0;0;4,23;1
2;23;1;8;Vector Materialize;2.778;3.48;3.192;30.38;5;23345;5;0;4669;279;5334016;33554432;30;none;;;;0;0;0;0.0;0.0;0.0;0.0;0.0;none;0;0.0;0.0;0.0;0.0;0;0;24;1
2;24;1;8;Vector Nest Loop;0.197;0.702;0.592;30.355;5;5;1;25;1;127;5334016;33554432;30;none;;;(public.nation.n_regionkey = public.region.r_regionkey);0;0;0;0.0;0.0;0.0;0.0;0.0;Inner;0;0.0;0.0;0.0;0.0;0;0;25,26;1
2;26;1;8;CStore Scan;0.282;0.282;0.21;25.025;25;25;25;0;1;497;5334016;33554432;34;nation;;;;0;0;0;0.0;0.0;0.0;0.0;0.0;none;0;0.0;0.0;0.0;0.0;0;0;;1
2;25;1;8;CStore Scan;0.223;0.223;0.191;5.0175;1;1;5;0;1;365;5334016;33554432;4;region;;(r_name = 'EUROPE'::bpchar);;0;0;0;0.0;0.0;0.0;0.0;0.0;none;0;0.0;0.0;0.0;0.0;0;0;;1
2;4;1;8;Vector Nest Loop;393.061;1146.95;599.005;40511.4;13;4668;4668;4668;1;536;5334016;33554432;254;none;;;;0;0;0;0.0;0.0;0.0;0.0;0.0;Inner;0;0.0;0.0;0.0;0.0;0;0;5,22;1
2;22;1;8;CStore Index Scan;169.812;169.812;166.71;93.0551;1;4668;100000;0;4668;1175;5334016;33554432;153;supplier;(s_suppkey = $0);;;0;0;0;0.0;0.0;0.0;0.0;0.0;none;0;0.0;0.0;0.0;0.0;0;0;;1
2;5;1;8;Vector Streaming LOCAL GATHER;0.36799999999993815;584.076;583.721;39022.3;16;4668;4668;0;1;105;5334016;33554432;117;none;;;;0;0;0;0.0;0.0;0.0;0.0;0.0;none;0;0.0;0.0;583.506;0.159;1;3;6;1
2;6;3;8;Vector Sonic Hash Join;48.394;654.341;565.864;39022.0;16;4668;31416;1183098;1;50564;5334016;33554432;117;none;;;((part.p_partkey = public.partsupp.ps_partkey) AND (public.partsupp.ps_supplycost = (min(public.partsupp.ps_supplycost))));0;0;0;0.0;0.0;37.279;88.827;73943.6;Inner;51;539.002;538.818;0.0;0.167;0;0;7,12;1
2;12;3;8;Vector Sonic Hash Aggregate;213.965;520.082;505.572;1981.73;1585383;1183098;1602640;0;1;92325;5334016;33554432;51;none;;;;0;1;32;0.0;1183100.0;146.463;61.544;1358720.0;none;0;0.0;0.0;0.0;0.0;0;0;13;1
2;13;3;8;Vector Streaming LOCAL REDISTRIBUTE;174.344;306.117;11.153;79895.8;1585383;1602640;1602640;0;1;237;5334016;33554432;19;none;;;;0;0;0;0.0;0.0;0.0;0.0;0.0;none;0;0.0;0.0;260.287;20.5957;3;3;14;1
2;9;3;8;CStore Scan;37.89;37.89;0.375;27748.2;8000000;8000000;8000000;0;1;1530;5334016;33554432;27;partsupp;;;;0;0;0;0.0;0.0;0.0;0.0;0.0;none;0;0.0;0.0;0.0;0.0;0;0;;1
2;11;3;8;CStore Scan;200.827;200.827;17.574;15593.2;8121;7854;2000000;0;1;2774;5334016;33554432;109;part;;(((p_type)::text ~~ '%BRASS'::text) AND (p_size = 15));;0;0;0;0.0;0.0;0.0;0.0;0.0;none;0;8.982;0.051;0.0;1.271;0;0;;1
2;10;3;8;Vector Streaming BROADCAST;17.862;210.04;8.453;22923.2;64968;23562;7854;0;1;237;5334016;33554432;109;none;;;;0;0;0;0.0;0.0;0.0;0.0;0.0;none;0;0.0;0.0;203.753;1.65867;3;3;11;1
2;8;3;8;Vector Sonic Hash Join;107.752;355.682;208.871;31538.9;32540;31416;8000000;23562;1;1680;5334016;33554432;136;none;;;(public.partsupp.ps_partkey = part.p_partkey);0;0;0;0.0;0.0;2.767;141.241;3060.3;Inner;109;645.128;638.332;0.0;4.696;0;0;9,10;1
2;21;1;8;CStore Scan;0.048;0.048;0.035;25.025;25;25;25;0;1;357;5334016;33554432;8;nation;;;;0;0;0;0.0;0.0;0.0;0.0;0.0;none;0;0.0;0.0;0.0;0.0;0;0;;1
2;7;3;8;Vector Streaming LOCAL REDISTRIBUTE;13.592000000000098;85.865;0.103;38950.8;32540;31416;31416;0;1;660;5334016;33554432;136;none;;;;0;0;0;0.0;0.0;0.0;0.0;0.0;none;0;0.0;0.0;32.156;0.913;3;3;8;1
2;20;1;8;CStore Scan;0.13;0.13;0.12;5.0175;1;1;5;0;1;365;5334016;33554432;4;region;;(r_name = 'EUROPE'::bpchar);;0;0;0;0.0;0.0;0.0;0.0;0.0;none;0;0.0;0.0;0.0;0.0;0;0;;1
2;15;3;8;CStore Scan;122.089;122.089;5.945;27748.2;8000000;8000000;8000000;0;1;1530;5334016;33554432;27;partsupp;;;;0;0;0;0.0;0.0;0.0;0.0;0.0;none;0;0.0;0.0;0.0;0.0;0;0;;1
2;18;1;8;CStore Scan;2.061;2.061;0.052;2340.0;100000;100000;100000;0;1;396;5334016;33554432;12;supplier;;;;0;0;0;0.0;0.0;0.0;0.0;0.0;none;0;0.0;0.0;0.0;0.0;0;0;;1
2;19;1;8;Vector Nest Loop;0.044;0.222;0.198;30.355;5;5;1;25;1;98;5334016;33554432;4;none;;;(public.nation.n_regionkey = public.region.r_regionkey);0;0;0;0.0;0.0;0.0;0.0;0.0;Inner;0;0.0;0.0;0.0;0.0;0;0;20,21;1
2;17;1;8;Vector Sonic Hash Join;2.352;4.635;0.525;2805.62;20000;20033;100000;5;1;342;5334016;33554432;8;none;;;(public.supplier.s_nationkey = public.nation.n_nationkey);0;0;0;0.0;0.0;0.006;4.222;0.136719;Inner;4;8.238;6.558;0.0;0.151;0;0;18,19;1
2;16;3;8;Vector Streaming BROADCAST;3.3599999999999994;12.311;0.048;13461.9;160000;60099;20033;0;1;108;5334016;33554432;8;none;;;;0;0;0;0.0;0.0;0.0;0.0;0.0;none;0;0.0;0.0;8.80133;0.088;3;1;17;1
2;14;3;8;Vector Sonic Hash Join;90.14;224.54;14.688;33480.0;1585383;1602640;8000000;60099;1;1947;5334016;33554432;19;none;;;(public.partsupp.ps_suppkey = public.supplier.s_suppkey);0;0;0;0.0;0.0;0.678;213.995;1878.09;Inner;8;174.623;87.451;0.0;39.033;0;0;15,16;1
3;0;1;8;Row Adapter;0.007;2635.16;2635.16;0.0;10;10;10;0;1;38;5334016;33554432;78;none;;;;0;0;0;0.0;0.0;0.0;0.0;0.0;none;0;0.0;0.0;0.0;0.0;0;0;1;1
3;1;1;8;Vector Limit;0.015;2635.15;2635.15;0.025;10;10;10;0;1;3;5334016;33554432;78;none;;;;0;0;0;0.0;0.0;0.0;0.0;0.0;none;0;0.0;0.0;0.0;0.0;0;0;2;1
3;9;10;8;CStore Scan;617.09;617.09;5.829;186994.0;32082998;32334250;59986052;0;1;8020;5334016;33554432;30;lineitem;;(l_shipdate > '1995-03-15 00:00:00'::timestamp(0) without time zone);;0;0;0;0.0;0.0;0.0;0.0;0.0;none;0;1482.93;904.266;0.0;308.399;0;0;;1
3;8;10;8;Vector Streaming LOCAL REDISTRIBUTE;1157.3280000000002;1933.73;0.116;437123.0;32082998;32334250;32334250;0;1;1630;5334016;33554432;30;none;;;;0;0;0;0.0;0.0;0.0;0.0;0.0;none;0;0.0;0.0;1590.29;276.536;10;10;9;1
3;12;10;8;CStore Scan;113.623;113.623;4.388;42375.0;7301186;7289442;15000000;0;1;6970;5334016;33554432;32;orders;;(o_orderdate < '1995-03-15 00:00:00'::timestamp(0) without time zone);;0;0;0;0.0;0.0;0.0;0.0;0.0;none;0;0.0;0.0;0.0;0.0;0;0;;1
3;14;10;8;CStore Scan;42.555;42.555;1.224;11500.0;303250;300276;1500000;0;1;4320;5334016;33554432;8;customer;;(c_mktsegment = 'BUILDING'::bpchar);;0;0;0;0.0;0.0;0.0;0.0;0.0;none;0;145.412;130.615;0.0;2.056;0;0;;1
3;13;10;8;Vector Streaming BROADCAST;29.593999999999994;110.836;0.16;30819.5;2426000;3002760;300276;0;1;1120;5334016;33554432;8;none;;;;0;0;0;0.0;0.0;0.0;0.0;0.0;none;0;0.0;0.0;82.3566;1.4129;10;10;14;1
3;11;10;8;Vector Sonic Hash Join;50.2;274.659;98.392;49081.8;2627463;1461923;7289442;3002760;1;54030;5334016;33554432;24;none;;;(orders.o_custkey = customer.c_custkey);0;0;0;0.0;0.0;14.572;175.991;93836.2;Inner;8;39.094;9.854;0.0;11.734;0;0;12,13;1
3;10;10;8;Vector Streaming LOCAL REDISTRIBUTE;58.480000000000004;289.747;57.604;75993.0;2627463;1461923;1461923;0;1;1310;5334016;33554432;24;none;;;;0;0;0;0.0;0.0;0.0;0.0;0.0;none;0;0.0;0.0;280.095;0.9574;10;10;11;1
3;7;10;8;Vector Sonic Hash Join;247.873;2471.35;288.619;500061.0;38319364;302114;32334250;1461923;1;53744;5334016;33554432;46;none;;;(lineitem.l_orderkey = orders.o_orderkey);0;0;0;0.0;0.0;9.569;2169.59;68527.6;Inner;24;0.0;0.0;0.0;0.0;0;0;8,10;1
3;6;10;8;Vector Sonic Hash Aggregate;123.776;2595.13;2545.98;610873.0;38319364;114003;302114;0;1;325675;5334016;33554432;78;none;;;;0;3;32;0.654096;4789920.0;16.605;18.759;240899.0;none;0;0.0;0.0;0.0;0.0;0;0;7;1
3;5;10;8;Vector Sort;13.058;2608.19;2553.02;95798.4;38319364;100;114003;0;1;3020;5334016;33554432;78;none;;;;0;2;0;0.0;0.0;0.0;0.0;0.0;none;0;0.0;0.0;0.0;0.0;0;0;6;1
3;4;10;8;Vector Limit;0.005;2608.19;2553.03;0.025;10;100;100;0;1;30;5334016;33554432;78;none;;;;0;0;0;0.0;0.0;0.0;0.0;0.0;none;0;0.026;0.0;0.0;0.006;0;0;5;1
3;3;1;8;Vector Streaming LOCAL GATHER;0.052;2632.75;2589.29;0.164252;10;100;100;0;1;156;5334016;33554432;78;none;;;;0;0;0;0.0;0.0;0.0;0.0;0.0;none;0;0.0;0.0;2632.29;0.046;1;10;4;1
3;2;1;8;Vector Sort;2.382;2635.14;2635.14;0.025;10;10;100;0;1;303;5334016;33554432;78;none;;;;0;2;0;0.0;0.0;0.0;0.0;0.0;none;0;0.0;0.0;0.0;0.0;0;0;3;1
4;0;1;8;Row Adapter;0.015;2380.32;2380.32;0.0;1;5;5;0;1;20;5334016;33554432;24;none;;;;0;0;0;0.0;0.0;0.0;0.0;0.0;none;0;0.0;0.0;0.0;0.0;0;0;1;1
4;1;1;8;Vector Sort;1.484;2380.31;2380.31;0.005;1;5;5;0;1;284;5334016;33554432;24;none;;;;0;1;0;0.0;0.0;0.0;0.0;0.0;none;0;0.0;0.0;0.0;0.0;0;0;2;1
4;2;1;8;Vector Streaming LOCAL GATHER;0.082;2378.82;2378.81;0.00553467;1;5;5;0;1;137;5334016;33554432;24;none;;;;0;0;0;0.0;0.0;0.0;0.0;0.0;none;0;0.0;0.0;2378.56;0.029;1;10;3;1
4;3;10;8;Vector Sonic Hash Aggregate;2.428;2347.44;2318.23;0.00125;1;5;50;0;1;7280;5334016;33554432;24;none;;;;0;1;0;0.0;50.0;0.042;0.006;4.29688;none;0;0.041;0.0;0.0;0.016;0;0;4;1
4;4;10;8;Vector Streaming LOCAL REDISTRIBUTE;0.034;2345.01;2312.49;0.0329687;1;50;50;0;1;1290;5334016;33554432;24;none;;;;0;0;0;0.0;0.0;0.0;0.0;0.0;none;0;0.0;0.0;2327.74;0.0178;10;10;5;1
4;5;10;8;Vector Sonic Hash Aggregate;17.625;2399.05;2324.03;0.00125;1;50;526040;0;1;6770;5334016;33554432;24;none;;;;0;1;8;0.0;50.0;3.644;0.233;4.29688;none;0;0.017;0.0;0.0;0.013;0;0;6;1
4;6;10;8;Vector Sonic Hash Join;49.952;2381.42;2263.5;4118.28;357570;526040;13753474;573671;1;12036;5334016;33554432;16;none;;;(lineitem.l_orderkey = orders.o_orderkey);0;0;0;0.0;0.0;5.208;2138.63;26890.8;Inner;24;0.0;0.0;0.0;0.0;0;0;7,11;1
4;11;10;8;Vector Streaming LOCAL REDISTRIBUTE;63.458000000000006;228.805;11.216;58492.8;584614;573671;573671;0;1;1530;5334016;33554432;24;none;;;;0;0;0;0.0;0.0;0.0;0.0;0.0;none;0;0.0;0.0;196.386;2.3838;10;10;12;1
4;12;10;8;CStore Scan;213.258;213.258;1.11;47062.5;584614;573671;15000000;0;1;5940;5334016;33554432;24;orders;;((o_orderdate >= '1993-07-01 00:00:00'::timestamp(0) without time zone) AND (o_orderdate < '1993-10-01 00:00:00'::timestamp without time zone));;0;0;0;0.0;0.0;0.0;0.0;0.0;none;0;38.825;7.096;0.0;23.619;0;0;;1
4;7;10;8;Vector Sonic Hash Aggregate;595.422;2102.67;2084.51;438.366;350693;13753474;13754013;0;1;259700;5334016;33554432;8;none;;;;0;1;0;0.0;13753500.0;566.709;0.162;6017230.0;none;0;0.0;0.0;0.0;0.0;0;0;8;1
4;8;10;8;Vector Streaming LOCAL REDISTRIBUTE;736.89;1507.24;808.695;10096.0;350693;13754013;13754013;0;1;1120;5334016;33554432;8;none;;;;0;0;0;0.0;0.0;0.0;0.0;0.0;none;0;0.0;0.0;1419.87;3.09;10;10;9;1
4;9;10;8;Vector Sonic Hash Aggregate;637.188;1124.28;1020.6;438.366;350693;13754013;37929348;0;1;259972;5334016;33554432;8;none;;;;0;1;0;0.0;13754000.0;537.107;0.254;6017470.0;none;0;816.236;447.791;0.0;103.087;0;0;10;1
4;10;10;8;CStore Scan;487.089;487.089;7.192;186994.0;19995351;37929348;59986052;0;1;6260;5334016;33554432;8;lineitem;;(l_commitdate < l_receiptdate);;0;0;0;0.0;0.0;0.0;0.0;0.0;none;0;0.0;0.0;0.0;0.0;0;0;;1
5;0;1;8;Row Adapter;0.006;1189.64;1189.64;0.0;25;5;5;0;1;20;5334016;33554432;80;none;;;;0;0;0;0.0;0.0;0.0;0.0;0.0;none;0;0.0;0.0;0.0;0.0;0;0;1;1
5;1;1;8;Vector Sort;2.135;1189.63;1189.63;0.0625;25;5;5;0;1;299;5334016;33554432;80;none;;;;0;1;0;0.0;0.0;0.0;0.0;0.0;none;0;0.0;0.0;0.0;0.0;0;0;2;1
5;2;1;8;Vector Streaming LOCAL GATHER;0.052;1187.5;1187.45;0.388306;25;5;5;0;1;137;5334016;33554432;80;none;;;;0;0;0;0.0;0.0;0.0;0.0;0.0;none;0;0.0;0.0;1186.89;0.017;1;8;3;1
5;3;8;8;Vector Sonic Hash Aggregate;0.641;1172.24;1159.24;0.03125;25;5;40;0;1;5840;5334016;33554432;80;none;;;;0;1;0;0.0;40.0;0.039;0.014;65.1042;none;0;0.026;0.0;0.0;0.024;0;0;4;1
5;4;8;8;Vector Streaming LOCAL REDISTRIBUTE;0.02;1171.6;1148.29;1.50781;25;40;40;0;1;997;5334016;33554432;80;none;;;;0;0;0;0.0;0.0;0.0;0.0;0.0;none;0;0.0;0.0;1164.08;0.021625;8;8;5;1
5;5;8;8;Vector Sonic Hash Aggregate;9.219;1185.67;1155.14;0.03125;25;40;72985;0;1;6432;5334016;33554432;80;none;;;;0;1;32;0.0;40.0;2.39;4.036;65.1042;none;0;0.01;0.0;0.0;0.009;0;0;6;1
5;6;8;8;Vector Sonic Hash Join;37.258;1176.45;359.7;242250.0;516305;72985;1825856;800000;1;21512;5334016;33554432;48;none;;;((lineitem.l_suppkey = supplier.s_suppkey) AND (customer.c_nationkey = supplier.s_nationkey));0;0;0;0.0;0.0;5.221;1134.21;28125.0;Inner;12;0.0;0.0;0.0;0.0;0;0;7,19;1
5;19;8;8;Vector Streaming BROADCAST;10.352000000000004;36.431;0.135;27621.2;800000;800000;100000;0;1;832;5334016;33554432;12;none;;;;0;0;0;0.0;0.0;0.0;0.0;0.0;none;0;0.0;0.0;21.0354;0.376625;8;8;20;1
5;8;8;8;CStore Scan;447.019;447.019;8.234;168248.0;59986052;59986052;59986052;0;1;6376;5334016;33554432;38;lineitem;;;;0;0;0;0.0;0.0;0.0;0.0;0.0;none;0;0.0;0.0;0.0;0.0;0;0;;1
5;11;8;8;CStore Scan;110.177;110.177;3.669;47062.5;2321957;2275919;15000000;0;1;4624;5334016;33554432;16;orders;;((o_orderdate >= '1994-01-01 00:00:00'::timestamp(0) without time zone) AND (o_orderdate < '1995-01-01 00:00:00'::timestamp without time zone));;0;0;0;0.0;0.0;0.0;0.0;0.0;none;0;0.0;0.0;0.0;0.0;0;0;;1
5;14;8;8;CStore Scan;11.346;11.346;1.065;11031.2;1500000;1500000;1500000;0;1;3280;5334016;33554432;12;customer;;;;0;0;0;0.0;0.0;0.0;0.0;0.0;none;0;0.0;0.0;0.0;0.0;0;0;;1
5;17;1;8;CStore Scan;1.042;1.042;1.015;5.0175;1;1;5;0;1;365;5334016;33554432;4;region;;(r_name = 'ASIA'::bpchar);;0;0;0;0.0;0.0;0.0;0.0;0.0;none;0;0.0;0.0;0.0;0.0;0;0;;1
5;18;1;8;CStore Scan;0.732;0.732;0.671;25.025;25;25;25;0;1;497;5334016;33554432;34;nation;;;;0;0;0;0.0;0.0;0.0;0.0;0.0;none;0;0.0;0.0;0.0;0.0;0;0;;1
5;16;1;8;Vector Nest Loop;0.384;2.158;2.065;30.355;5;5;1;25;1;127;5334016;33554432;30;none;;;(nation.n_regionkey = region.r_regionkey);0;0;0;0.0;0.0;0.0;0.0;0.0;Inner;0;0.815;0.0;0.0;0.721;0;0;17,18;1
5;15;8;8;Vector Streaming BROADCAST;1.63;54.87;22.872;7031.27;40;40;5;0;1;496;5334016;33554432;30;none;;;;0;0;0;0.0;0.0;0.0;0.0;0.0;none;0;0.0;0.0;34.0431;0.067625;8;1;16;1
5;13;8;8;Vector Sonic Hash Join;4.923;71.139;26.366;11904.3;300000;300270;1500000;40;1;3400;5334016;33554432;42;none;;;(customer.c_nationkey = nation.n_nationkey);0;0;0;0.0;0.0;0.01;21.61;2.10938;Inner;30;91.227;57.235;0.0;28.499;0;0;14,15;1
5;12;8;8;Vector Streaming BROADCAST;67.98400000000001;92.443;0.102;31091.8;2400000;2402160;300270;0;1;1112;5334016;33554432;42;none;;;;0;0;0;0.0;0.0;0.0;0.0;0.0;none;0;0.0;0.0;62.9817;14.3314;8;8;13;1
5;10;8;8;Vector Sonic Hash Join;78.068;280.688;114.119;49254.2;464391;456771;2275919;2402160;1;72752;5334016;33554432;42;none;;;(orders.o_custkey = customer.c_custkey);0;0;0;0.0;0.0;48.779;142.322;154827.0;Inner;42;89.626;12.905;0.0;20.877;0;0;11,12;1
5;9;8;8;Vector Streaming BROADCAST;153.442;280.117;78.924;75120.1;3715128;3654168;456771;0;1;1112;5334016;33554432;42;none;;;;0;0;0;0.0;0.0;0.0;0.0;0.0;none;0;0.0;0.0;244.354;21.5689;8;8;10;1
5;7;8;8;Vector Sonic Hash Join;375.627;1102.76;330.972;229464.0;12949724;1825856;59986052;3654168;1;107160;5334016;33554432;64;none;;;(lineitem.l_orderkey = orders.o_orderkey);0;0;0;0.0;0.0;43.134;772.217;235523.0;Inner;42;0.0;0.0;0.0;0.0;0;0;8,9;1
5;20;8;8;CStore Scan;7.19;7.19;0.065;2340.0;100000;100000;100000;0;1;3168;5334016;33554432;12;supplier;;;;0;0;0;0.0;0.0;0.0;0.0;0.0;none;0;47.229;42.053;0.0;1.639;0;0;;1
6;0;1;8;Row Adapter;0.017;730.74;730.739;0.0;1;1;1;0;1;11;5334016;33554432;54;none;;;;0;0;0;0.0;0.0;0.0;0.0;0.0;none;0;0.0;0.0;0.0;0.0;0;0;1;1
6;1;1;8;Vector Aggregate;0.136;730.723;730.722;0.0196405;1;1;8;0;1;182;5334016;33554432;54;none;;;;0;0;0;0.0;1.0;0.0;0.0;0.0;none;0;0.0;0.0;0.0;0.0;0;0;2;1
6;2;1;8;Vector Streaming LOCAL GATHER;0.05;730.587;706.118;0.0196405;1;8;8;0;1;111;5334016;33554432;54;none;;;;0;0;0;0.0;0.0;0.0;0.0;0.0;none;0;0.0;0.0;730.425;0.031;1;8;3;1
6;3;8;8;Vector Aggregate;11.257;711.804;687.717;0.01;1;8;1139264;0;1;1808;5334016;33554432;54;none;;;;0;0;32;0.0;8.0;0.0;0.0;0.0;none;0;0.025;0.0;0.0;0.006;0;0;4;1
6;4;8;8;CStore Scan;700.547;700.547;11.547;261976.0;1174319;1139264;59986052;0;1;7192;5334016;33554432;22;lineitem;;((l_shipdate >= '1994-01-01 00:00:00'::timestamp(0) without time zone) AND (l_shipdate < '1995-01-01 00:00:00'::timestamp without time zone) AND (l_discount >= .05) AND (l_discount <= .07) AND (l_quantity < 24::numeric));;0;0;0;0.0;0.0;0.0;0.0;0.0;none;0;0.0;0.0;0.0;0.0;0;0;;1
7;0;1;8;Row Adapter;0.005;1344.41;1344.4;0.0;6250;4;4;0;1;38;5334016;33554432;114;none;;;;0;0;0;0.0;0.0;0.0;0.0;0.0;none;0;0.0;0.0;0.0;0.0;0;0;1;1
7;1;1;8;Vector Sort;12.147;1344.4;1344.4;15.625;6250;4;4;0;1;337;5334016;33554432;114;none;;;;0;3;0;0.0;0.0;0.0;0.0;0.0;none;0;0.0;0.0;0.0;0.0;0;0;2;1
7;2;1;8;Vector Streaming LOCAL GATHER;0.07;1332.25;1332.25;135.014;6250;4;4;0;1;189;5334016;33554432;114;none;;;;0;0;0;0.0;0.0;0.0;0.0;0.0;none;0;0.0;0.0;1327.19;0.017;1;10;3;1
7;3;10;8;Vector Sonic Hash Aggregate;3.752;1303.22;1286.87;7.8125;6250;4;40;0;1;11006;5334016;33554432;114;none;;;;0;3;0;0.0;781.0;0.03;0.005;1574.71;none;0;0.035;0.0;0.0;0.012;0;0;4;1
7;4;10;8;Vector Streaming LOCAL REDISTRIBUTE;0.098;1299.47;1285.83;496.338;6250;40;40;0;1;1498;5334016;33554432;114;none;;;;0;0;0;0.0;0.0;0.0;0.0;0.0;none;0;0.0;0.0;1292.27;0.0068;10;10;5;1
7;5;10;8;Vector Sonic Hash Aggregate;19.912;1369.16;1291.83;23.4375;6250;40;58365;0;1;11950;5334016;33554432;114;none;;;;0;3;32;0.0;781.0;3.645;1.603;1574.71;none;0;0.049;0.0;0.0;0.047;0;0;6;1
7;6;10;8;Vector Sonic Hash Join;14.472;1349.25;476.028;235430.0;57342;58365;1463770;100000;1;6519;5334016;33554432;82;none;;;((lineitem.l_suppkey = supplier.s_suppkey) AND (n1.n_nationkey = supplier.s_nationkey));0;0;0;0.0;0.0;0.303;1250.09;3515.62;Inner;12;0.0;0.0;0.0;0.0;0;0;7,21;1
7;21;10;8;Vector Streaming LOCAL REDISTRIBUTE;53.27800000000002;97.638;0.126;13625.2;100000;100000;100000;0;1;1210;5334016;33554432;12;none;;;;0;0;0;0.0;0.0;0.0;0.0;0.0;none;0;0.0;0.0;55.5751;0.5792;10;10;22;1
7;22;10;8;CStore Scan;21.887;21.887;0.059;2340.0;100000;100000;100000;0;1;3960;5334016;33554432;12;supplier;;;;0;0;0;0.0;0.0;0.0;0.0;0.0;none;0;217.904;191.265;0.0;15.917;0;0;;1
7;7;10;8;Vector Streaming LOCAL REDISTRIBUTE;115.454;1237.14;436.44;233867.0;1438001;1463770;1463770;0;1;2650;5334016;33554432;94;none;;;;0;0;0;0.0;0.0;0.0;0.0;0.0;none;0;0.0;0.0;1210.44;22.1172;10;10;8;1
7;9;10;8;CStore Scan;613.721;613.721;8.664;205740.0;17989398;18230325;59986052;0;1;9710;5334016;33554432;46;lineitem;;((l_shipdate >= '1995-01-01 00:00:00'::timestamp(0) without time zone) AND (l_shipdate <= '1996-12-31 00:00:00'::timestamp(0) without time zone));;0;0;0;0.0;0.0;0.0;0.0;0.0;none;0;0.0;0.0;0.0;0.0;0;0;;1
7;12;10;8;CStore Scan;40.306;40.306;2.595;37687.5;15000000;15000000;15000000;0;1;4230;5334016;33554432;16;orders;;;;0;0;0;0.0;0.0;0.0;0.0;0.0;none;0;0.0;0.0;0.0;0.0;0;0;;1
7;15;10;8;CStore Scan;27.988;27.988;0.143;11031.2;1500000;1500000;1500000;0;1;4100;5334016;33554432;12;customer;;;;0;0;0;0.0;0.0;0.0;0.0;0.0;none;0;0.0;0.0;0.0;0.0;0;0;;1
7;18;1;8;CStore Scan;0.429;0.429;0.358;25.025;25;25;25;0;1;373;5334016;33554432;30;nation;;;;0;0;0;0.0;0.0;0.0;0.0;0.0;none;0;0.0;0.0;0.0;0.0;0;0;;1
7;20;1;8;CStore Scan;0.154;0.154;0.116;25.025;25;25;25;0;1;373;5334016;33554432;30;nation;;;;0;0;0;0.0;0.0;0.0;0.0;0.0;none;0;0.0;0.0;0.0;0.0;0;0;;1
7;19;1;8;Vector Materialize;15.439;15.593;15.539;25.15;25;625;25;0;25;282;5334016;33554432;30;none;;;;0;0;0;0.0;0.0;0.0;0.0;0.0;none;0;0.0;0.0;0.0;0.0;0;0;20;1
7;17;1;8;Vector Nest Loop;2.177;18.199;16.997;64.175;2;2;25;625;1;302;5334016;33554432;60;none;;;(((n1.n_name = 'FRANCE'::bpchar) AND (n2.n_name = 'GERMANY'::bpchar)) OR ((n1.n_name = 'GERMANY'::bpchar) AND (n2.n_name = 'FRANCE'::bpchar)));0;0;0;0.0;0.0;0.0;0.0;0.0;Inner;0;48.593;47.934;0.0;0.524;0;0;18,19;1
7;16;10;8;Vector Streaming BROADCAST;1.318000000000012;95.692;0.039;7064.54;16;20;2;0;1;970;5334016;33554432;60;none;;;;0;0;0;0.0;0.0;0.0;0.0;0.0;none;0;0.0;0.0;44.425;0.4137;10;1;17;1
7;14;10;8;Vector Sonic Hash Join;0.018;114.79;12.806;11679.3;119904;120469;1500000;20;1;5680;5334016;33554432;64;none;;;(customer.c_nationkey = n2.n_nationkey);0;0;0;0.0;0.0;0.018;32.521;1.64062;Inner;60;102.251;70.496;0.0;21.805;0;0;15,16;1
7;13;10;8;Vector Streaming BROADCAST;63.51000000000002;155.78;0.166;23550.4;959232;1204690;120469;0;1;1720;5334016;33554432;64;none;;;;0;0;0;0.0;0.0;0.0;0.0;0.0;none;0;0.0;0.0;82.1537;14.5102;10;10;14;1
7;11;10;8;Vector Sonic Hash Join;139.284;335.37;95.696;46217.6;1199040;1205808;15000000;1204690;1;36010;5334016;33554432;64;none;;;(orders.o_custkey = customer.c_custkey);0;0;0;0.0;0.0;36.669;135.791;103528.0;Inner;64;195.557;82.03;0.0;71.195;0;0;12,13;1
7;10;10;8;Vector Streaming BROADCAST;227.05399999999997;308.72;62.533;101929.0;9592320;12058080;1205808;0;1;1720;5334016;33554432;64;none;;;;0;0;0;0.0;0.0;0.0;0.0;0.0;none;0;0.0;0.0;217.638;59.5359;10;10;11;1
7;8;10;8;Vector Sonic Hash Join;281.029;1203.47;446.392;215970.0;1438001;1463770;18230325;12058080;1;312600;5334016;33554432;94;none;;;(lineitem.l_orderkey = orders.o_orderkey);0;0;0;0.0;0.0;152.119;750.924;1036240.0;Inner;64;94.077;36.35;0.0;45.212;0;0;9,10;1
8;0;1;8;Row Adapter;0.008;1113.05;1113.05;0.0;10;2;2;0;1;20;5334016;33554432;120;none;;;;0;0;0;0.0;0.0;0.0;0.0;0.0;none;0;0.0;0.0;0.0;0.0;0;0;1;1
8;1;1;8;Vector Sort;7.905;1113.04;1113.04;0.025;10;2;2;0;1;279;5334016;33554432;120;none;;;;0;1;0;0.0;0.0;0.0;0.0;0.0;none;0;0.0;0.0;0.0;0.0;0;0;2;1
8;2;1;8;Vector Hash Aggregate;9.126;1105.13;1105.13;0.15;10;2;24254;0;1;560;5334016;33554432;120;none;;;;0;1;64;0.0;10.0;1.079;7.18;2.73438;none;0;0.0;0.0;0.0;0.0;0;0;3;1
8;3;1;8;Vector Sonic Hash Join;24.458;1096.01;850.387;237204.0;88789;24254;24254;25;1;478;5334016;33554432;56;none;;;(supplier.s_nationkey = n2.n_nationkey);0;0;0;0.0;0.0;0.201;1076.72;1.31836;Inner;30;0.0;0.0;0.0;0.0;0;0;4,23;1
8;23;1;8;CStore Scan;0.346;0.346;0.292;25.025;25;25;25;0;1;373;5334016;33554432;30;nation;;;;0;0;0;0.0;0.0;0.0;0.0;0.0;none;0;0.0;0.0;0.0;0.0;0;0;;1
8;4;1;8;Vector Sonic Hash Join;18.453;1071.2;831.278;235761.0;88789;24254;24254;100000;1;2678;5334016;33554432;34;none;;;(lineitem.l_suppkey = supplier.s_suppkey);0;0;0;0.0;0.0;6.33;1044.99;3515.62;Inner;12;0.0;0.0;0.0;0.0;0;0;5,22;1
8;22;1;8;CStore Scan;14.024;14.024;9.661;2340.0;100000;100000;100000;0;1;396;5334016;33554432;12;supplier;;;;0;0;0;0.0;0.0;0.0;0.0;0.0;none;0;0.0;0.0;0.0;0.0;0;0;;1
8;5;1;8;Vector Streaming LOCAL GATHER;0.6180000000000003;1038.73;805.051;234543.0;88789;24254;24254;0;1;172;5334016;33554432;38;none;;;;0;0;0;0.0;0.0;0.0;0.0;0.0;none;0;0.0;0.0;1035.55;2.013;1;10;6;1
8;6;10;8;Vector Sonic Hash Join;2.619;1085.06;822.508;232514.0;88789;24254;122404;299436;1;7270;5334016;33554432;38;none;;;(orders.o_custkey = customer.c_custkey);0;0;0;0.0;0.0;1.003;1009.69;9357.38;Inner;8;5.508;5.199;0.0;0.297;0;0;7,15;1
8;15;10;8;Vector Streaming LOCAL REDISTRIBUTE;35.69799999999998;73.995;0.122;21177.7;300000;299436;299436;0;1;1120;5334016;33554432;8;none;;;;0;0;0;0.0;0.0;0.0;0.0;0.0;none;0;0.0;0.0;60.9825;0.1103;10;10;16;1
8;16;10;8;Vector Sonic Hash Join;0.007;55.096;3.146;11904.3;300000;299436;1500000;50;1;3420;5334016;33554432;8;none;;;(customer.c_nationkey = n1.n_nationkey);0;0;0;0.0;0.0;0.007;44.755;1.36719;Inner;4;157.094;139.245;0.0;11.316;0;0;17,18;1
8;11;10;8;CStore Scan;468.014;468.014;15.541;168248.0;59986052;59986052;59986052;0;1;9200;5334016;33554432;46;lineitem;;;;0;0;0;0.0;0.0;0.0;0.0;0.0;none;0;0.0;0.0;0.0;0.0;0;0;;1
8;13;10;8;CStore Scan;107.634;107.634;1.423;14968.2;13333;13452;2000000;0;1;5983;5334016;33554432;8;part;;((p_type)::text = 'ECONOMY ANODIZED STEEL'::text);;0;0;0;0.0;0.0;0.0;0.0;0.0;none;0;176.946;149.904;0.0;1.162;0;0;;1
8;12;10;8;Vector Streaming BROADCAST;54.084;153.184;0.126;22509.9;106664;134520;13452;0;1;1120;5334016;33554432;8;none;;;;0;0;0;0.0;0.0;0.0;0.0;0.0;none;0;0.0;0.0;126.248;1.281;10;10;13;1
8;10;10;8;Vector Sonic Hash Join;120.153;741.351;130.023;196845.0;382807;403487;59986052;134520;1;5180;5334016;33554432;38;none;;;(lineitem.l_partkey = part.p_partkey);0;0;0;0.0;0.0;1.135;624.326;4203.75;Inner;8;323.771;46.487;0.0;52.372;0;0;11,12;1
8;9;10;8;Vector Streaming BROADCAST;554.568;851.957;0.069;219397.0;3062456;4034870;403487;0;1;1720;5334016;33554432;38;none;;;;0;0;0;0.0;0.0;0.0;0.0;0.0;none;0;0.0;0.0;749.561;56.2952;10;10;10;1
8;14;10;8;CStore Scan;152.835;152.835;1.981;47062.5;4560572;4557513;15000000;0;1;5980;5334016;33554432;24;orders;;((o_orderdate >= '1995-01-01 00:00:00'::timestamp(0) without time zone) AND (o_orderdate <= '1996-12-31 00:00:00'::timestamp(0) without time zone));;0;0;0;0.0;0.0;0.0;0.0;0.0;none;0;0.0;0.0;0.0;0.0;0;0;;1
8;8;10;8;Vector Sonic Hash Join;91.906;1096.7;154.086;221387.0;443945;122404;4034870;4557513;1;160383;5334016;33554432;46;none;;;(lineitem.l_orderkey = orders.o_orderkey);0;0;0;0.0;0.0;19.802;916.937;213633.0;Inner;24;7.169;1.336;0.0;4.703;0;0;9,14;1
8;21;1;8;CStore Scan;1.183;1.183;1.139;25.025;25;25;25;0;1;357;5334016;33554432;8;nation;;;;0;0;0;0.0;0.0;0.0;0.0;0.0;none;0;0.0;0.0;0.0;0.0;0;0;;1
8;7;10;8;Vector Streaming LOCAL REDISTRIBUTE;11.665999999999999;1008.45;760.972;231751.0;443945;122404;122404;0;1;1820;5334016;33554432;46;none;;;;0;0;0;0.0;0.0;0.0;0.0;0.0;none;0;0.0;0.0;1006.62;0.8196;10;10;8;1
8;20;1;8;CStore Scan;1.213;1.213;1.196;5.0175;1;1;5;0;1;365;5334016;33554432;4;region;;(r_name = 'AMERICA'::bpchar);;0;0;0;0.0;0.0;0.0;0.0;0.0;none;0;0.0;0.0;0.0;0.0;0;0;;1
8;17;10;8;CStore Scan;40.471;40.471;0.206;11031.2;1500000;1500000;1500000;0;1;4100;5334016;33554432;12;customer;;;;0;0;0;0.0;0.0;0.0;0.0;0.0;none;0;0.0;0.0;0.0;0.0;0;0;;1
8;19;1;8;Vector Nest Loop;1.35;3.746;3.679;30.355;5;5;1;25;1;98;5334016;33554432;4;none;;;(n1.n_regionkey = region.r_regionkey);0;0;0;0.0;0.0;0.0;0.0;0.0;Inner;0;0.041;0.0;0.0;0.008;0;0;20,21;1
8;18;10;8;Vector Streaming BROADCAST;0.082;26.4;0.027;7031.27;40;50;5;0;1;360;5334016;33554432;4;none;;;;0;0;0;0.0;0.0;0.0;0.0;0.0;none;0;0.0;0.0;4.0759;0.0021;10;1;19;1
9;0;1;8;Row Adapter;0.023;355976.0;355976.0;0.0;88;175;175;0;1;30;5334016;33554432;110;none;;;;0;0;0;0.0;0.0;0.0;0.0;0.0;none;0;0.0;0.0;0.0;0.0;0;0;1;1
9;1;1;8;Vector Sort Aggregate;427.659;355976.0;355976.0;2.86;88;175;3261613;0;1;471;5334016;33554432;110;none;;;;0;2;32;0.0;175.0;0.0;0.0;0.0;none;0;0.0;0.0;0.0;0.0;0;0;2;1
9;2;1;8;Vector Sort;10324.1;355548.0;354382.0;0.22;88;3261613;3261613;0;1;1371637;5334016;33554432;78;none;;;;0;2;0;0.0;0.0;0.0;0.0;0.0;none;0;0.0;0.0;0.0;0.0;0;0;3;1
9;3;1;8;Vector Nest Loop;7656.37;345224.0;1317.77;163859.0;88;3261613;3261613;81540350;1;313;5334016;33554432;78;none;;;(supplier.s_nationkey = nation.n_nationkey);0;0;0;0.0;0.0;0.0;0.0;0.0;Inner;0;0.0;0.0;0.0;0.0;0;0;4,17;1
9;17;1;8;Vector Materialize;3074.46;3075.13;2830.2;25.15;25;81540350;25;0;3261614;282;5334016;33554432;30;none;;;;0;0;0;0.0;0.0;0.0;0.0;0.0;none;0;0.0;0.0;0.0;0.0;0;0;18;1
9;18;1;8;CStore Scan;0.668;0.668;0.632;25.025;25;25;25;0;1;373;5334016;33554432;30;nation;;;;0;0;0;0.0;0.0;0.0;0.0;0.0;none;0;0.0;0.0;0.0;0.0;0;0;;1
9;9;10;8;CStore Scan;134.631;134.631;3.239;27748.2;8000000;8000000;8000000;0;1;5100;5334016;33554432;27;partsupp;;;;0;0;0;0.0;0.0;0.0;0.0;0.0;none;0;347121.0;346752.0;0.0;203.855;0;0;;1
9;8;10;8;Vector Streaming LOCAL REDISTRIBUTE;738.0;159821.0;0.103;95373.2;8000000;8000000;8000000;0;1;1470;5334016;33554432;27;none;;;;0;0;0;0.0;0.0;0.0;0.0;0.0;none;0;0.0;0.0;92893.5;40.2443;10;10;9;1
9;12;10;8;CStore Scan;592.349;592.349;14.034;168248.0;59986052;59986052;59986052;0;1;10610;5334016;33554432;57;lineitem;;;;0;0;0;0.0;0.0;0.0;0.0;0.0;none;0;0.0;0.0;0.0;0.0;0;0;;1
9;14;10;8;CStore Scan;145.771;145.771;24.014;14968.2;80808;108782;2000000;0;1;6912;5334016;33554432;8;part;;((p_name)::text ~~ '%green%'::text);;0;0;0;0.0;0.0;0.0;0.0;0.0;none;0;67.492;49.348;0.0;1.442;0;0;;1
9;13;10;8;Vector Streaming BROADCAST;36.28800000000001;209.322;0.106;25251.1;646464;1087820;108782;0;1;1120;5334016;33554432;8;none;;;;0;0;0;0.0;0.0;0.0;0.0;0.0;none;0;0.0;0.0;154.036;1.1469;10;10;14;1
9;11;10;8;Vector Sonic Hash Join;287.649;1089.32;145.068;199267.0;2320100;3261613;59986052;1087820;1;22260;5334016;33554432;65;none;;;(lineitem.l_partkey = part.p_partkey);0;0;0;0.0;0.0;3.899;892.449;33994.4;Inner;8;177.752;67.273;0.0;75.996;0;0;12,13;1
9;10;10;8;Vector Streaming LOCAL REDISTRIBUTE;220.95800000000003;1237.11;169.757;223849.0;2320100;3261613;3261613;0;1;2170;5334016;33554432;65;none;;;;0;0;0;0.0;0.0;0.0;0.0;0.0;none;0;0.0;0.0;1160.69;39.8073;10;10;11;1
9;7;10;8;Vector Sonic Hash Join;448.301;161507.0;1264.2;155373.0;92;3261613;8000000;3261613;1;228721;5334016;33554432;68;none;;;((partsupp.ps_suppkey = lineitem.l_suppkey) AND (partsupp.ps_partkey = lineitem.l_partkey));0;0;0;0.0;0.0;58.831;160233.0;283480.0;Inner;65;346329.0;346258.0;0.0;69.961;0;0;8,10;1
9;6;1;8;Vector Streaming LOCAL GATHER;142.0;1524.27;1258.7;155375.0;92;3261613;3261613;0;1;233;5334016;33554432;68;none;;;;0;0;0;0.0;0.0;0.0;0.0;0.0;none;0;0.0;0.0;1258.61;204.001;1;10;7;1
9;15;1;8;CStore Scan;8.61;8.61;5.441;2340.0;100000;100000;100000;0;1;396;5334016;33554432;12;supplier;;;;0;0;0;0.0;0.0;0.0;0.0;0.0;none;0;0.0;0.0;0.0;0.0;0;0;;1
9;5;1;8;Vector Sonic Hash Join;297.887;1830.76;1314.76;155377.0;88;3261613;3261613;100000;1;2727;5334016;33554432;56;none;;;(lineitem.l_suppkey = supplier.s_suppkey);0;0;0;0.0;0.0;12.651;1772.5;3515.62;Inner;12;0.0;0.0;0.0;0.0;0;0;6,15;1
9;16;1;8;CStore Index Scan;62681.0;62681.0;60452.4;95.7139;1;3261613;15000000;0;3261613;502;5334016;33554432;16;orders;(o_orderkey = $0);;;0;0;0;0.0;0.0;0.0;0.0;0.0;none;0;0.0;0.0;0.0;0.0;0;0;;1
9;4;1;8;Vector Nest Loop;269981.0;334493.0;1316.6;163800.0;88;3261613;3261613;3261613;1;506;5334016;33554432;56;none;;;;0;0;0;0.0;0.0;0.0;0.0;0.0;Inner;0;0.0;0.0;0.0;0.0;0;0;5,16;1
10;0;1;8;Row Adapter;0.028;1738.81;1738.81;0.0;20;20;20;0;1;74;5334016;33554432;233;none;;;;0;0;0;0.0;0.0;0.0;0.0;0.0;none;0;0.0;0.0;0.0;0.0;0;0;1;1
10;1;1;8;Vector Limit;0.005;1738.79;1738.79;0.05;20;20;20;0;1;4;5334016;33554432;233;none;;;;0;0;0;0.0;0.0;0.0;0.0;0.0;none;0;0.0;0.0;0.0;0.0;0;0;2;1
10;2;1;8;Vector Sort;3.143;1738.78;1738.78;0.05;20;20;200;0;1;448;5334016;33554432;233;none;;;;0;1;0;0.0;0.0;0.0;0.0;0.0;none;0;0.0;0.0;0.0;0.0;0;0;3;1
10;3;1;8;Vector Streaming LOCAL GATHER;0.08;1735.64;1710.32;0.88194;20;200;200;0;1;291;5334016;33554432;233;none;;;;0;0;0;0.0;0.0;0.0;0.0;0.0;none;0;0.0;0.0;1734.22;0.121;1;10;4;1
10;4;10;8;Vector Limit;0.004;1696.26;1656.05;0.05;20;200;200;0;1;40;5334016;33554432;233;none;;;;0;0;0;0.0;0.0;0.0;0.0;0.0;none;0;0.04;0.0;0.0;0.032;0;0;5;1
10;10;10;8;CStore Scan;775.306;775.306;7.277;186994.0;14726576;14808183;59986052;0;1;8180;5334016;33554432;30;lineitem;;(l_returnflag = 'R'::bpchar);;0;0;0;0.0;0.0;0.0;0.0;0.0;none;0;0.0;0.0;0.0;0.0;0;0;;1
10;12;10;8;CStore Scan;214.205;214.205;6.335;47062.5;581924;573157;15000000;0;1;5780;5334016;33554432;16;orders;;((o_orderdate >= '1993-10-01 00:00:00'::timestamp(0) without time zone) AND (o_orderdate < '1994-01-01 00:00:00'::timestamp without time zone));;0;0;0;0.0;0.0;0.0;0.0;0.0;none;0;461.467;318.561;0.0;9.172;0;0;;1
10;11;10;8;Vector Streaming BROADCAST;285.812;579.044;0.157;77703.2;4655392;5731570;573157;0;1;1210;5334016;33554432;16;none;;;;0;0;0;0.0;0.0;0.0;0.0;0.0;none;0;0.0;0.0;500.176;11.9135;10;10;12;1
10;9;10;8;Vector Sonic Hash Join;120.654;1475.0;567.111;204079.0;8145568;1147084;14808183;5731570;1;149040;5334016;33554432;30;none;;;(lineitem.l_orderkey = orders.o_orderkey);0;0;0;0.0;0.0;33.908;889.955;223889.0;Inner;16;146.985;121.037;0.0;17.471;0;0;10,11;1
10;8;10;8;Vector Streaming LOCAL REDISTRIBUTE;51.896000000000015;856.315;145.071;272807.0;8145568;1147084;1147084;0;1;1630;5334016;33554432;30;none;;;;0;0;0;0.0;0.0;0.0;0.0;0.0;none;0;0.0;0.0;791.421;10.0179;10;10;9;1
10;15;10;8;CStore Scan;156.891;156.891;0.661;11031.2;1500000;1500000;1500000;0;1;17445;5334016;33554432;157;customer;;;;0;0;0;0.0;0.0;0.0;0.0;0.0;none;0;0.0;0.0;0.0;0.0;0;0;;1
10;17;10;8;CStore Scan;0.595;0.595;0.055;25.025;25;25;25;0;1;3586;5334016;33554432;30;nation;;;;0;0;0;0.0;0.0;0.0;0.0;0.0;none;0;0.048;0.0;0.0;0.043;0;0;;1
10;16;10;8;Vector Streaming BROADCAST;0.096;25.639;0.11;7029.6;200;250;25;0;1;1370;5334016;33554432;30;none;;;;0;0;0;0.0;0.0;0.0;0.0;0.0;none;0;0.0;0.0;4.5261;0.0323;10;10;17;1
10;14;10;8;Vector Sonic Hash Join;1.224;183.754;3.428;13404.3;1500000;1500000;1500000;250;1;5030;5334016;33554432;179;none;;;(customer.c_nationkey = nation.n_nationkey);0;0;0;0.0;0.0;0.013;166.139;13.1836;Inner;30;395.927;214.646;0.0;166.216;0;0;15,16;1
10;13;10;8;Vector Streaming LOCAL REDISTRIBUTE;362.56200000000007;374.91;0.657;39388.7;1500000;1500000;1500000;0;1;4238;5334016;33554432;179;none;;;;0;0;0;0.0;0.0;0.0;0.0;0.0;none;0;0.0;0.0;318.211;43.6315;10;10;14;1
10;7;10;8;Vector Sonic Hash Join;142.709;1373.93;605.558;286807.0;8145568;1147084;1147084;1500000;1;321052;5334016;33554432;201;none;;;(orders.o_custkey = customer.c_custkey);0;0;0;0.0;0.0;94.795;912.77;297363.0;Inner;179;0.0;0.0;0.0;0.0;0;0;8,13;1
10;6;10;8;Vector Sonic Hash Aggregate;270.564;1644.5;1609.92;84602.0;8145568;381105;1147084;0;1;231029;5334016;33554432;233;none;;;;0;7;32;0.239882;1018200.0;253.776;33.825;109625.0;none;0;0.0;0.0;0.0;0.0;0;0;7;1
10;5;10;8;Vector Sort;51.758;1696.26;1656.05;20363.9;8145568;200;381105;0;1;4483;5334016;33554432;233;none;;;;0;1;0;0.0;0.0;0.0;0.0;0.0;none;0;0.0;0.0;0.0;0.0;0;0;6;1
11;0;1;8;Row Adapter;14.693;1233.17;1182.64;0.0;317077;222710;222710;0;1;20;5334016;33554432;91;none;;;;0;0;0;0.0;0.0;0.0;0.0;0.0;none;0;0.0;0.0;0.0;0.0;0;0;1;1
11;1;1;8;Vector Sort;236.557;1218.47;1182.63;792.693;317077;222710;222710;0;1;40781;5334016;33554432;91;none;;;;0;1;0;0.0;0.0;0.0;0.0;0.0;none;0;0.0;0.0;0.0;0.0;0;0;9;1
11;9;1;8;Vector Hash Aggregate;584.458;981.916;940.199;1189.04;317077;222710;323920;0;1;58640;5334016;33554432;91;none;;;;0;1;64;0.0;317077.0;113.8;140.238;70289.5;none;0;0.0;0.0;0.0;0.0;0;0;10;1
11;10;1;8;Vector Streaming(type: LOCAL REDISTRIBUTE);80.51599999999999;397.458;16.865;42416.4;317077;323920;323920;0;1;72;5334016;33554432;27;none;;;;0;0;0;0.0;0.0;0.0;0.0;0.0;none;0;0.0;0.0;380.32;13.506;0;0;11;1
11;5;1;8;CStore Scan;53.551;53.551;0.405;165986.0;8000000;8000000;8000000;0;1;510;5334016;33554432;27;partsupp;;;;0;0;0;0.0;0.0;0.0;0.0;0.0;none;0;0.0;0.0;0.0;0.0;0;0;;1
11;7;1;8;CStore Scan;1.027;1.027;0.066;2340.0;100000;100000;100000;0;1;396;5334016;33554432;12;supplier;;;;0;0;0;0.0;0.0;0.0;0.0;0.0;none;0;0.0;0.0;0.0;0.0;0;0;;1
11;8;1;8;CStore Scan;0.225;0.225;0.208;25.0875;1;1;25;0;1;378;5334016;33554432;4;nation;;(n_name = 'GERMANY'::bpchar);;0;0;0;0.0;0.0;0.0;0.0;0.0;none;0;0.0;0.0;0.0;0.0;0;0;;1
11;6;1;8;Vector Sonic Hash Join;1.463;2.715;0.478;2630.62;4000;4049;100000;1;1;342;5334016;33554432;8;none;;;(public.supplier.s_nationkey = public.nation.n_nationkey);0;0;0;0.0;0.0;0.004;2.324;0.0273438;Inner;4;0.0;0.0;0.0;0.0;0;0;7,8;1
11;4;1;8;Vector Sonic Hash Join;182.806;239.072;3.69;199157.0;317077;323920;8000000;4000;1;442;5334016;33554432;19;none;;;(public.partsupp.ps_suppkey = public.supplier.s_suppkey);0;0;0;0.0;0.0;0.112;234.937;125.0;Inner;8;0.0;0.0;0.0;0.0;0;0;5,6;1
11;3;1;8;Vector Aggregate;23.004;262.076;262.075;0.015;1;1;317077;0;1;291;5334016;33554432;51;none;;;;0;0;32;0.0;1.0;0.0;0.0;0.0;none;0;0.0;0.0;0.0;0.0;0;0;4;1
11;16;1;8;CStore Scan;0.388;0.388;0.362;25.0875;1;1;25;0;1;378;5334016;33554432;4;nation;;(n_name = 'GERMANY'::bpchar);;0;0;0;0.0;0.0;0.0;0.0;0.0;none;0;0.0;0.0;0.0;0.0;0;0;;1
11;2;1;8;Row Adapter;0.007;262.083;262.081;0.0;1;1;317077;0;1;11;5334016;33554432;51;none;;;;0;0;0;0.0;0.0;0.0;0.0;0.0;none;0;0.0;0.0;0.0;0.0;0;0;3;1
11;15;1;8;CStore Scan;4.215;4.215;1.889;2340.0;100000;100000;100000;0;1;396;5334016;33554432;12;supplier;;;;0;0;0;0.0;0.0;0.0;0.0;0.0;none;0;0.0;0.0;0.0;0.0;0;0;;1
11;12;1;8;CStore Scan;352.717;352.717;4.978;27748.2;8000000;8000000;8000000;0;1;634;5334016;33554432;35;partsupp;;;;0;0;0;0.0;0.0;0.0;0.0;0.0;none;0;0.0;0.0;0.0;0.0;0;0;;1
11;14;1;8;Vector Sonic Hash Join;1.721;6.324;2.57;2630.62;4000;4049;100000;1;1;342;5334016;33554432;8;none;;;(public.supplier.s_nationkey = public.nation.n_nationkey);0;0;0;0.0;0.0;0.009;5.676;0.0273438;Inner;4;0.751;0.0;0.0;0.036;0;0;15,16;1
11;13;1;8;Vector Streaming(type: BROADCAST);1.502;10.004;5.438;10361.9;32000;4049;4049;0;1;36;5334016;33554432;8;none;;;;0;0;0;0.0;0.0;0.0;0.0;0.0;none;0;0.0;0.0;9.867;0.048;0;0;14;1
11;11;1;8;Vector Sonic Hash Join;178.205;540.926;15.456;31894.6;317077;323920;8000000;4049;1;462;5334016;33554432;27;none;;;(public.partsupp.ps_suppkey = public.supplier.s_suppkey);0;0;0;0.0;0.0;0.116;529.816;126.531;Inner;8;67.887;27.629;0.0;18.681;0;0;12,13;1
12;0;1;8;Row Adapter;0.009;2135.89;2135.89;0.0;1;2;2;0;1;30;5334016;33554432;43;none;;;;0;0;0;0.0;0.0;0.0;0.0;0.0;none;0;0.0;0.0;0.0;0.0;0;0;1;1
12;1;1;8;Vector Sort;1.004;2135.88;2135.88;0.005;1;2;2;0;1;294;5334016;33554432;43;none;;;;0;1;0;0.0;0.0;0.0;0.0;0.0;none;0;0.0;0.0;0.0;0.0;0;0;2;1
12;2;1;8;Vector Streaming LOCAL GATHER;0.032;2134.88;2134.73;0.0089267;1;2;2;0;1;130;5334016;33554432;43;none;;;;0;0;0;0.0;0.0;0.0;0.0;0.0;none;0;0.0;0.0;2133.1;0.017;1;8;3;1
12;3;8;8;Vector Hash Aggregate;0.596;2107.02;2095.07;0.00125;1;2;16;0;1;3049;5334016;33554432;43;none;;;;0;1;0;0.0;16.0;0.027;0.018;2.04688;none;0;0.016;0.0;0.0;0.014;0;0;4;1
12;4;8;8;Vector Streaming LOCAL REDISTRIBUTE;0.01;2106.43;2094.86;0.02125;1;16;16;0;1;928;5334016;33554432;43;none;;;;0;0;0;0.0;0.0;0.0;0.0;0.0;none;0;0.0;0.0;2099.78;0.00575;8;8;5;1
12;5;8;8;Vector Hash Aggregate;31.714;2120.4;2099.44;0.00125;1;16;310803;0;1;4224;5334016;33554432;43;none;;;;0;1;16;0.0;16.0;4.488;18.433;2.04688;none;0;0.005;0.0;0.0;0.005;0;0;6;1
12;6;8;8;Vector Sonic Hash Join;221.845;2088.69;241.22;282492.0;296222;310803;2486424;15000000;1;282610;5334016;33554432;27;none;;;(lineitem.l_orderkey = orders.o_orderkey);0;0;0;0.0;0.0;111.444;1850.31;703125.0;Inner;24;0.0;0.0;0.0;0.0;0;0;7,9;1
12;9;8;8;CStore Scan;92.6;92.6;5.203;37687.5;15000000;15000000;15000000;0;1;3664;5334016;33554432;24;orders;;;;0;0;0;0.0;0.0;0.0;0.0;0.0;none;0;0.0;0.0;0.0;0.0;0;0;;1
12;7;8;8;Vector Streaming BROADCAST;443.5920000000001;1774.24;0.055;281010.0;2369776;2486424;310803;0;1;960;5334016;33554432;19;none;;;;0;0;0;0.0;0.0;0.0;0.0;0.0;none;0;0.0;0.0;1706.87;31.0576;8;8;8;1
12;8;8;8;CStore Scan;1622.66;1622.66;5.493;261976.0;296222;310803;59986052;0;1;8000;5334016;33554432;19;lineitem;;((l_shipmode = ANY ('{MAIL,SHIP}'::bpchar[])) AND (l_commitdate < l_receiptdate) AND (l_shipdate < l_commitdate) AND (l_receiptdate >= '1994-01-01 00:00:00'::timestamp(0) without time zone) AND (l_receiptdate < '1995-01-01 00:00:00'::timestamp without time zone));;0;0;0;0.0;0.0;0.0;0.0;0.0;none;0;483.189;261.393;0.0;26.575;0;0;;1
13;0;1;8;Row Adapter;0.031;5309.94;5309.93;0.0;200;45;45;0;1;20;5334016;33554432;16;none;;;;0;0;0;0.0;0.0;0.0;0.0;0.0;none;0;0.0;0.0;0.0;0.0;0;0;1;1
13;1;1;8;Vector Sort;0.898;5309.9;5309.9;0.5;200;45;45;0;1;267;5334016;33554432;16;none;;;;0;2;0;0.0;0.0;0.0;0.0;0.0;none;0;0.0;0.0;0.0;0.0;0;0;2;1
13;2;1;8;Vector Streaming LOCAL GATHER;0.03;5309.01;5309.0;0.821289;200;45;45;0;1;63;5334016;33554432;16;none;;;;0;0;0;0.0;0.0;0.0;0.0;0.0;none;0;0.0;0.0;5308.96;0.006;1;3;3;1
13;3;3;8;Vector Sonic Hash Aggregate;0.723;5293.75;5288.81;0.25;200;45;45;0;1;2160;5334016;33554432;16;none;;;;0;1;0;0.0;45.0;0.033;0.004;25.3125;none;0;0.015;0.0;0.0;0.002;0;0;4;1
13;4;3;8;Vector Streaming LOCAL REDISTRIBUTE;0.016;5293.03;5288.28;5.8125;200;45;45;0;1;138;5334016;33554432;16;none;;;;0;0;0;0.0;0.0;0.0;0.0;0.0;none;0;0.0;0.0;5291.11;0.003;3;1;5;1
13;5;1;8;Vector Sonic Hash Aggregate;27.223;5288.89;5288.89;0.25;200;45;1500000;0;1;661;5334016;33554432;16;none;;;;0;1;8;0.0;45.0;19.556;2.861;25.3125;none;0;0.008;0.0;0.0;0.004;0;0;6;1
13;6;1;8;Vector Subquery Scan;1.247;5261.66;5241.65;16875.0;1500000;1500000;1500000;0;1;42;5334016;33554432;8;none;;;;0;0;0;0.0;0.0;0.0;0.0;0.0;none;0;0.0;0.0;0.0;0.0;0;0;7;1
13;7;1;8;Vector Sonic Hash Aggregate;2310.57;5260.42;5241.65;1875.0;1500000;1500000;14998501;0;1;41590;5334016;33554432;16;none;;;;0;1;8;0.0;1500000.0;1804.74;415.296;843750.0;none;0;0.0;0.0;0.0;0.0;0;0;8;1
13;8;1;8;Vector Hash Join;2468.63;2949.85;273.804;188814.0;14998501;15331683;14998501;1500000;1;66968;5334016;33554432;8;none;;;(orders.o_custkey = customer.c_custkey);0;0;0;0.0;0.0;62.654;2672.66;46875.0;Right;8;0.0;0.0;0.0;0.0;0;0;9,11;1
13;11;1;8;Vector Streaming LOCAL REDISTRIBUTE;173.06400000000002;131.718;0.064;29398.4;1500000;1500000;1500000;0;1;53;5334016;33554432;8;none;;;;0;0;0;0.0;0.0;0.0;0.0;0.0;none;0;0.0;0.0;125.078;2.123;1;3;12;1
13;12;3;8;CStore Scan;6.302;6.302;0.085;11031.2;1500000;1500000;1500000;0;1;858;5334016;33554432;8;customer;;;;0;0;0;0.0;0.0;0.0;0.0;0.0;none;0;100.653;14.121;0.0;25.373;0;0;;1
13;9;1;8;Vector Streaming LOCAL REDISTRIBUTE;1306.4000000000005;349.504;0.046;163036.0;14998501;14831662;14998501;0;1;53;5334016;33554432;8;none;;;;0;0;0;0.0;0.0;0.0;0.0;0.0;none;0;0.0;0.0;236.948;19.594;1;3;10;1
13;10;3;8;CStore Scan;1887.61;1887.61;11.973;42375.0;14998501;14831662;15000000;0;1;2596;5334016;33554432;8;orders;;((o_comment)::text !~~ '%special%request%'::text);;0;0;0;0.0;0.0;0.0;0.0;0.0;none;0;2255.82;1602.62;0.0;239.24;0;0;;1
14;0;1;8;Row Adapter;0.016;787.96;787.958;0.0;1;1;1;0;1;11;5334016;33554432;107;none;;;;0;0;0;0.0;0.0;0.0;0.0;0.0;none;0;0.0;0.0;0.0;0.0;0;0;1;1
14;1;1;8;Vector Aggregate;0.854;787.944;787.943;0.0291025;1;1;10;0;1;341;5334016;33554432;107;none;;;;0;0;0;0.0;1.0;0.0;0.0;0.0;none;0;0.0;0.0;0.0;0.0;0;0;2;1
14;2;1;8;Vector Streaming LOCAL GATHER;0.132;787.09;780.768;0.0291025;1;10;10;0;1;153;5334016;33554432;107;none;;;;0;0;0;0.0;0.0;0.0;0.0;0.0;none;0;0.0;0.0;784.549;0.05;1;10;3;1
14;3;10;8;Vector Aggregate;71.153;742.395;716.282;0.01;1;10;749223;0;1;5150;5334016;33554432;107;none;;;;0;0;64;0.0;10.0;0.0;0.0;0.0;none;0;0.066;0.0;0.0;0.04;0;0;4;1
14;4;10;8;Vector Sonic Hash Join;50.06;671.242;232.331;220048.0;786088;749223;749223;2000000;1;112068;5334016;33554432;43;none;;;(lineitem.l_partkey = part.p_partkey);0;0;0;0.0;0.0;34.469;429.849;103516.0;Inner;29;0.0;0.0;0.0;0.0;0;0;5,7;1
14;7;10;8;Vector Streaming LOCAL REDISTRIBUTE;167.674;209.814;0.261;36499.5;2000000;2000000;2000000;0;1;1530;5334016;33554432;29;none;;;;0;0;0;0.0;0.0;0.0;0.0;0.0;none;0;0.0;0.0;182.433;13.1323;10;10;8;1
14;8;10;8;CStore Scan;60.465;60.465;17.83;14343.2;2000000;2000000;2000000;0;1;5923;5334016;33554432;29;part;;;;0;0;0;0.0;0.0;0.0;0.0;0.0;none;0;165.68;81.843;0.0;44.699;0;0;;1
14;5;10;8;Vector Streaming LOCAL REDISTRIBUTE;58.50800000000004;411.368;0.128;218697.0;786088;749223;749223;0;1;1630;5334016;33554432;30;none;;;;0;0;0;0.0;0.0;0.0;0.0;0.0;none;0;0.0;0.0;373.92;6.9105;10;10;6;1
14;6;10;8;CStore Scan;553.798;553.798;8.282;205740.0;786088;749223;59986052;0;1;8270;5334016;33554432;30;lineitem;;((l_shipdate >= '1995-09-01 00:00:00'::timestamp(0) without time zone) AND (l_shipdate < '1995-10-01 00:00:00'::timestamp without time zone));;0;0;0;0.0;0.0;0.0;0.0;0.0;none;0;191.449;162.195;0.0;18.807;0;0;;1
15;0;1;8;Sort;0.056;3966.37;3966.37;0.0475;19;1;1;0;1;33;5334016;33554432;107;none;;;;0;1;0;0.0;0.0;0.0;0.0;0.0;none;0;0.0;0.0;0.0;0.0;0;0;6;1
15;6;1;8;Nested Loop;0.237;3966.31;3943.97;315.875;19;1;1;1;1;253;5334016;33554432;107;none;;;;0;0;0;0.0;0.0;0.0;0.0;0.0;Inner;0;0.0;0.0;0.0;0.0;0;0;7,8;1
15;8;1;8;Row Adapter;0.004;4.469;4.464;0.0;1;1;1;0;1;42;5334016;33554432;75;none;;;;0;0;0;0.0;0.0;0.0;0.0;0.0;none;0;0.0;0.0;0.0;0.0;0;0;9;1
15;9;1;8;CStore Index Scan;4.465;4.465;4.46;96.096;1;1;100000;0;1;776;5334016;33554432;75;supplier;(s_suppkey = revenue.supplier_no);;;0;0;0;0.0;0.0;0.0;0.0;0.0;none;0;0.0;0.0;0.0;0.0;0;0;;1
15;7;1;8;CTE Scan;22.334;3961.61;3939.27;87.4575;19;1;3887;0;1;10;5334016;33554432;40;revenue;;(total_revenue = $1);;0;0;0;0.0;0.0;0.0;0.0;0.0;none;0;0.0;0.0;0.0;0.0;0;0;4;1
15;4;1;8;Aggregate;25.687;61.428;61.428;0.01;1;1;3887;0;1;17;5334016;33554432;64;none;;;;0;0;32;0.0;1.0;0.0;0.0;0.0;none;0;0.0;0.0;0.0;0.0;0;0;5;1
15;5;1;8;CTE Scan;35.741;35.741;0.002;77.74;3887;100000;3887;0;1;10408;5334016;33554432;32;revenue;;;;0;0;0;0.0;0.0;0.0;0.0;0.0;none;0;0.0;0.0;0.0;0.0;0;0;;1
15;1;1;8;Row Adapter;4.141;3875.97;3870.8;0.0;3887;100000;2324139;0;1;24;5334016;33554432;62;none;;;;0;0;0;0.0;0.0;0.0;0.0;0.0;none;0;0.0;0.0;0.0;0.0;0;0;2;1
15;2;1;8;Vector Sonic Hash Aggregate;527.268;3871.83;3870.55;38.87;3887;100000;2324139;0;1;8273;5334016;33554432;62;none;;;;0;1;32;0.0;100000.0;163.89;345.247;12500.0;none;0;0.0;0.0;0.0;0.0;0;0;3;1
15;3;1;8;CStore Scan;3344.56;3344.56;9.233;1589920.0;2324139;2265714;59986052;0;1;831;5334016;33554432;30;lineitem;;((l_shipdate >= '1996-01-01 00:00:00'::timestamp(0) without time zone) AND (l_shipdate < '1996-04-01 00:00:00'::timestamp without time zone));;0;0;0;0.0;0.0;0.0;0.0;0.0;none;0;0.0;0.0;0.0;0.0;0;0;;1
16;0;1;8;Row Adapter;0.018;809.316;809.304;0.0;100;100;100;0;1;38;5334016;33554432;66;none;;;;0;0;0;0.0;0.0;0.0;0.0;0.0;none;0;0.0;0.0;0.0;0.0;0;0;1;1
16;1;1;8;Vector Limit;0.845;809.298;809.297;0.25;100;100;200;0;1;3;5334016;33554432;66;none;;;;0;0;0;0.0;0.0;0.0;0.0;0.0;none;0;0.0;0.0;0.0;0.0;0;0;2;1
16;2;1;8;Vector Sort;2.058;808.453;808.453;0.25;100;200;200;0;1;361;5334016;33554432;66;none;;;;0;4;0;0.0;0.0;0.0;0.0;0.0;none;0;0.0;0.0;0.0;0.0;0;0;3;1
16;11;2;8;CStore Scan;82.945;82.945;2.397;27748.2;8000000;8000000;8000000;0;1;740;5334016;33554432;16;partsupp;;;;0;0;0;0.0;0.0;0.0;0.0;0.0;none;0;0.0;0.0;0.0;0.0;0;0;;1
16;13;2;8;CStore Scan;352.832;352.832;1.186;18093.2;302357;296824;2000000;0;1;2025;5334016;33554432;58;part;;((p_brand <> 'Brand#45'::bpchar) AND ((p_type)::text !~~ 'MEDIUM POLISHED%'::text) AND (p_size = ANY ('{49,14,23,45,19,3,36,9}'::bigint[])));;0;0;0;0.0;0.0;0.0;0.0;0.0;none;0;51.4;28.45;0.0;16.081;0;0;;1
16;12;2;8;Vector Streaming BROADCAST;45.9;320.712;0.061;37376.5;2418856;593648;296824;0;1;212;5334016;33554432;58;none;;;;0;0;0;0.0;0.0;0.0;0.0;0.0;none;0;0.0;0.0;287.647;28.3085;2;2;13;1
16;10;2;8;Vector Sonic Hash Join;179.358;583.015;384.375;33012.6;1211512;1187296;8000000;593648;1;39526;5334016;33554432;58;none;;;(partsupp.ps_partkey = part.p_partkey);0;0;0;0.0;0.0;63.029;200.72;47538.2;Inner;58;0.0;0.0;0.0;0.0;0;0;11,12;1
16;15;2;8;CStore Scan;20.747;20.747;0.548;2590.0;10;56;100000;0;1;1559;5334016;33554432;8;supplier;;((s_comment)::text ~~ '%Customer%Complaints%'::text);;0;0;0;0.0;0.0;0.0;0.0;0.0;none;0;10.227;9.762;0.0;0.02;0;0;;1
16;14;2;8;Vector Streaming BROADCAST;0.9299999999999997;21.969;0.037;9591.83;80;112;56;0;1;90;5334016;33554432;8;none;;;;0;0;0;0.0;0.0;0.0;0.0;0.0;none;0;0.0;0.0;20.352;0.022;2;2;15;1
16;9;2;8;Vector Hash Join;16.655;621.639;403.564;34905.5;1211392;1186602;1187296;112;1;466;5334016;33554432;58;none;;;(partsupp.ps_suppkey = supplier.s_suppkey);0;0;0;0.0;0.0;0.024;599.222;3.5;Anti;8;0.0;0.0;0.0;0.0;0;0;10,14;1
16;8;2;8;Vector Sonic Hash Aggregate;129.939;751.578;748.678;35.4325;28346;55448;1186602;0;1;6572;5334016;33554432;66;none;;;;0;3;8;0.0;55448.0;122.46;4.691;70181.3;none;0;13.856;9.338;0.0;2.585;0;0;9;1
16;7;2;8;Vector Streaming LOCAL REDISTRIBUTE;9.036000000000001;758.667;751.197;1515.85;28346;55448;55448;0;1;276;5334016;33554432;66;none;;;;0;0;0;0.0;0.0;0.0;0.0;0.0;none;0;0.0;0.0;754.255;3.113;2;2;8;1
16;6;2;8;Vector Sonic Hash Aggregate;20.193;778.86;775.888;35.4325;28346;27840;55448;0;1;3682;5334016;33554432;66;none;;;;0;3;0;0.0;55448.0;17.452;0.523;70181.3;none;0;0.0;0.0;0.0;0.0;0;0;7;1
16;5;2;8;Vector Sort;9.289;788.149;785.748;70.865;28346;200;27840;0;1;676;5334016;33554432;66;none;;;;0;4;0;0.0;0.0;0.0;0.0;0.0;none;0;0.0;0.0;0.0;0.0;0;0;6;1
16;4;2;8;Vector Limit;0.007;788.156;785.753;0.25;100;200;200;0;1;6;5334016;33554432;66;none;;;;0;0;0;0.0;0.0;0.0;0.0;0.0;none;0;0.027;0.0;0.0;0.015;0;0;5;1
16;3;1;8;Vector Streaming LOCAL GATHER;0.054;806.395;806.063;1.42828;100;200;200;0;1;106;5334016;33554432;66;none;;;;0;0;0;0.0;0.0;0.0;0.0;0.0;none;0;0.0;0.0;806.327;0.036;1;2;4;1
17;0;1;8;Row Adapter;0.008;4875.31;4875.31;0.0;1;1;1;0;1;11;5334016;33554432;43;none;;;;0;0;0;0.0;0.0;0.0;0.0;0.0;none;0;0.0;0.0;0.0;0.0;0;0;1;1
17;8;10;8;CStore Scan;92.713;92.713;6.016;168248.0;59986052;59986052;59986052;0;1;5330;5334016;33554432;19;lineitem;;;;0;0;0;0.0;0.0;0.0;0.0;0.0;none;0;0.0;0.0;0.0;0.0;0;0;;1
17;7;10;8;Vector Sonic Hash Aggregate;3097.55;3190.27;2727.82;3264.51;2089286;19009703;59986052;0;1;1597325;5334016;33554432;51;none;;;;0;1;32;0.0;19009700.0;1112.93;1457.29;21831500.0;none;0;1094.63;603.877;0.0;206.61;0;0;8;1
17;6;10;8;Vector Streaming LOCAL REDISTRIBUTE;981.5060000000003;3255.47;2142.86;97078.3;2089286;19009703;19009703;0;1;1860;5334016;33554432;51;none;;;;0;0;0;0.0;0.0;0.0;0.0;0.0;none;0;0.0;0.0;3096.33;84.5284;10;10;7;1
17;5;10;8;Vector Sonic Hash Aggregate;979.895;4235.36;4167.06;3264.51;2089286;2000000;19009703;0;1;194375;5334016;33554432;51;none;;;;0;1;0;0.0;19009700.0;274.96;706.069;21831500.0;none;0;0.0;0.0;0.0;0.0;0;0;6;1
17;11;10;8;CStore Scan;315.388;315.388;3.495;168248.0;59986052;59986052;59986052;0;1;6730;5334016;33554432;30;lineitem;;;;0;0;0;0.0;0.0;0.0;0.0;0.0;none;0;0.0;0.0;0.0;0.0;0;0;;1
17;13;10;8;CStore Scan;123.524;123.524;6.963;15593.2;2034;2044;2000000;0;1;6140;5334016;33554432;8;part;;((p_brand = 'Brand#23'::bpchar) AND (p_container = 'MED BOX'::bpchar));;0;0;0;0.0;0.0;0.0;0.0;0.0;none;0;93.788;83.998;0.0;0.625;0;0;;1
17;12;10;8;Vector Streaming BROADCAST;19.579999999999984;158.0;0.134;22675.9;16272;20440;2044;0;1;1120;5334016;33554432;8;none;;;;0;0;0;0.0;0.0;0.0;0.0;0.0;none;0;0.0;0.0;133.681;0.74;10;10;13;1
17;10;10;8;Vector Sonic Hash Join;118.907;592.295;126.485;196440.0;58399;61385;59986052;20440;1;4580;5334016;33554432;38;none;;;(public.lineitem.l_partkey = part.p_partkey);0;0;0;0.0;0.0;0.552;454.598;638.75;Inner;8;5.555;0.0;0.0;4.382;0;0;11,12;1
17;9;10;8;Vector Streaming LOCAL REDISTRIBUTE;11.11;605.488;540.581;203882.0;58399;61385;61385;0;1;1720;5334016;33554432;38;none;;;;0;0;0;0.0;0.0;0.0;0.0;0.0;none;0;0.0;0.0;587.103;0.3782;10;10;10;1
17;4;10;8;Vector Sonic Hash Join;7.11;4847.96;4746.1;29897.2;806639;5526;2000000;61385;1;8648;5334016;33554432;11;none;;(public.lineitem.l_quantity < ((.2 * pg_catalog.avg((avg(public.lineitem.l_quantity))))));(public.lineitem.l_partkey = part.p_partkey);0;0;0;0.0;0.0;0.261;4241.78;3716.67;Inner;38;0.0;0.0;0.0;0.0;0;0;5,9;1
17;3;10;8;Vector Aggregate;0.314;4848.27;4820.95;0.01;1;10;5526;0;1;1830;5334016;33554432;43;none;;;;0;0;32;0.0;10.0;0.0;0.0;0.0;none;0;0.021;0.0;0.0;0.006;0;0;4;1
17;2;1;8;Vector Streaming LOCAL GATHER;0.042;4875.1;4868.15;0.0176767;1;10;10;0;1;128;5334016;33554432;43;none;;;;0;0;0;0.0;0.0;0.0;0.0;0.0;none;0;0.0;0.0;4874.23;0.022;1;10;3;1
17;1;1;8;Vector Aggregate;0.204;4875.31;4875.31;0.0176767;1;1;10;0;1;207;5334016;33554432;43;none;;;;0;0;0;0.0;1.0;0.0;0.0;0.0;none;0;0.0;0.0;0.0;0.0;0;0;2;1
18;0;1;8;Row Adapter;0.026;3539.74;3539.72;0.0;100;100;100;0;1;59;5334016;33554432;97;none;;;;0;0;0;0.0;0.0;0.0;0.0;0.0;none;0;0.0;0.0;0.0;0.0;0;0;1;1
18;1;1;8;Vector Limit;0.014;3539.71;3539.71;0.25;100;100;100;0;1;4;5334016;33554432;97;none;;;;0;0;0;0.0;0.0;0.0;0.0;0.0;none;0;0.0;0.0;0.0;0.0;0;0;2;1
18;2;1;8;Vector Sort;1.184;3539.7;3539.7;0.25;100;100;624;0;1;382;5334016;33554432;97;none;;;;0;2;0;0.0;0.0;0.0;0.0;0.0;none;0;0.0;0.0;0.0;0.0;0;0;3;1
18;3;1;8;Vector Streaming LOCAL GATHER;0.052;3538.51;3538.43;1.98172;100;624;624;0;1;208;5334016;33554432;97;none;;;;0;0;0;0.0;0.0;0.0;0.0;0.0;none;0;0.0;0.0;3537.33;0.097;1;10;4;1
18;4;10;8;Vector Limit;0.007;3522.96;3472.9;0.25;100;624;624;0;1;40;5334016;33554432;97;none;;;;0;0;0;0.0;0.0;0.0;0.0;0.0;none;0;0.026;0.0;0.0;0.019;0;0;5;1
18;5;10;8;Vector Sort;1.037;3522.95;3472.9;52.5875;21035;624;624;0;1;3710;5334016;33554432;97;none;;;;0;2;0;0.0;0.0;0.0;0.0;0.0;none;0;0.0;0.0;0.0;0.0;0;0;6;1
18;6;10;8;Vector Sonic Hash Aggregate;7.082;3521.92;3472.39;26.2938;21035;624;4368;0;1;15099;5334016;33554432;97;none;;;;0;5;32;0.0;2629.0;0.473;0.051;4950.62;none;0;0.0;0.0;0.0;0.0;0;0;7;1
18;7;10;8;Vector Streaming LOCAL REDISTRIBUTE;1.222;3514.83;3468.48;51103.7;21035;4368;4368;0;1;2080;5334016;33554432;65;none;;;;0;0;0;0.0;0.0;0.0;0.0;0.0;none;0;0.0;0.0;3491.5;0.1275;10;10;8;1
18;8;10;8;Vector Sonic Hash Join;73.134;3551.22;3469.14;50683.0;21035;4368;43680;1500000;1;78220;5334016;33554432;65;none;;;(orders.o_custkey = customer.c_custkey);0;0;0;0.0;0.0;73.134;3435.62;74707.0;Inner;27;0.611;0.0;0.0;0.493;0;0;9,21;1
18;17;10;8;CStore Scan;337.738;337.738;2.75;168248.0;59986052;59986052;59986052;0;1;5330;5334016;33554432;19;lineitem;;;;0;0;0;0.0;0.0;0.0;0.0;0.0;none;0;0.0;0.0;0.0;0.0;0;0;;1
18;16;10;8;Vector Sonic Hash Aggregate;1285.09;1622.83;1327.94;3945.29;1052076;15000742;59986052;0;1;1134115;5334016;33554432;51;none;;;;0;1;32;0.0;15000700.0;836.915;276.354;17227500.0;none;0;1303.13;784.557;0.0;227.979;0;0;17;1
18;15;10;8;Vector Streaming LOCAL REDISTRIBUTE;1037.1460000000002;2445.62;1273.19;51186.0;1052076;15000742;15000742;0;1;1370;5334016;33554432;51;none;;;;0;0;0;0.0;0.0;0.0;0.0;0.0;none;0;0.0;0.0;2274.15;63.5466;10;10;16;1
18;14;10;8;Vector Sonic Hash Aggregate;1128.67;3574.29;3394.35;1315.1;5260;624;15000742;0;1;1134228;5334016;33554432;51;none;;;;0;1;0;0.0;15000700.0;699.578;195.175;17227500.0;none;0;29.995;29.865;0.0;0.085;0;0;15;1
18;13;1;8;Vector Streaming LOCAL GATHER;0.2600000000000051;3420.71;3381.84;1487.89;5260;624;624;0;1;112;5334016;33554432;8;none;;;;0;0;0;0.0;0.0;0.0;0.0;0.0;none;0;0.0;0.0;3416.03;0.236;1;10;14;1
18;18;1;8;CStore Index Scan;33.741;33.741;33.015;103.772;57;4368;59986052;0;624;612;5334016;33554432;19;lineitem;(l_orderkey = $0);;;0;0;0;0.0;0.0;0.0;0.0;0.0;none;0;0.0;0.0;0.0;0.0;0;0;;1
18;12;1;8;Vector Nest Loop;82.543;3537.0;3382.44;22356.2;299909;4368;624;4368;1;374;5334016;33554432;27;none;;;;0;0;0;0.0;0.0;0.0;0.0;0.0;Inner;0;1.174;0.0;0.0;0.808;0;0;13,18;1
18;11;10;8;Vector Streaming LOCAL REDISTRIBUTE;2.348;2443.37;2381.58;42207.8;299909;4368;4368;0;1;720;5334016;33554432;27;none;;;;0;0;0;0.0;0.0;0.0;0.0;0.0;none;0;0.0;0.0;2407.44;0.028;10;1;12;1
18;20;10;8;CStore Scan;196.923;196.923;1.019;37687.5;15000000;15000000;15000000;0;1;6870;5334016;33554432;35;orders;;;;0;0;0;0.0;0.0;0.0;0.0;0.0;none;0;764.676;396.456;0.0;189.137;0;0;;1
18;19;10;8;Vector Streaming LOCAL REDISTRIBUTE;736.44;919.404;0.203;158359.0;15000000;15000000;15000000;0;1;1560;5334016;33554432;35;none;;;;0;0;0;0.0;0.0;0.0;0.0;0.0;none;0;0.0;0.0;805.865;59.1253;10;10;20;1
18;10;10;8;Vector Sonic Hash Join;192.565;3555.34;3468.95;42723.3;21035;4368;4368;15000000;1;666677;5334016;33554432;46;none;;;(public.lineitem.l_orderkey = orders.o_orderkey);0;0;0;0.0;0.0;180.43;2417.12;864258.0;Inner;35;1.021;0.0;0.0;1.015;0;0;11,19;1
18;9;10;8;Vector Streaming BROADCAST;2.042;3452.93;3385.98;50577.8;168280;43680;4368;0;1;1820;5334016;33554432;46;none;;;;0;0;0;0.0;0.0;0.0;0.0;0.0;none;0;0.0;0.0;3435.57;0.3624;10;10;10;1
18;21;10;8;CStore Scan;55.162;55.162;3.549;11031.2;1500000;1500000;1500000;0;1;4480;5334016;33554432;27;customer;;;;0;0;0;0.0;0.0;0.0;0.0;0.0;none;0;0.0;0.0;0.0;0.0;0;0;;1
19;0;1;8;Row Adapter;0.011;1973.55;1973.55;0.0;1;1;1;0;1;11;5334016;33554432;54;none;;;;0;0;0;0.0;0.0;0.0;0.0;0.0;none;0;0.0;0.0;0.0;0.0;0;0;1;1
19;1;1;8;Vector Aggregate;0.091;1973.54;1973.54;0.0196405;1;1;10;0;1;182;5334016;33554432;54;none;;;;0;0;0;0.0;1.0;0.0;0.0;0.0;none;0;0.0;0.0;0.0;0.0;0;0;2;1
19;2;1;8;Vector Streaming LOCAL GATHER;0.144;1973.45;1970.8;0.0196405;1;10;10;0;1;128;5334016;33554432;54;none;;;;0;0;0;0.0;0.0;0.0;0.0;0.0;none;0;0.0;0.0;1973.31;0.019;1;10;3;1
19;3;10;8;Vector Aggregate;1.003;1923.32;1899.31;0.01;1;10;1134;0;1;2510;5334016;33554432;54;none;;;;0;0;32;0.0;10.0;0.0;0.0;0.0;none;0;0.072;0.0;0.0;0.034;0;0;4;1
19;4;10;8;Vector Sonic Hash Join;207.92;1922.31;280.134;245196.0;1104;1134;2141904;2000000;1;70034;5334016;33554432;22;none;;"(((part.p_brand = 'Brand#12'::bpchar) AND (part.p_container = ANY ('{""SM CASE"",""SM BOX"",""SM PACK"",""SM PKG""}'::bpchar[])) AND (lineitem.l_quantity >= 1::numeric) AND (lineitem.l_quantity <= 11::numeric) AND (part.p_size <= 5)) OR ((part.p_brand = 'Brand#23'::bpchar) AND (part.p_container = ANY ('{""MED BAG"",""MED BOX"",""MED PKG"",""MED PACK""}'::bpchar[])) AND (lineitem.l_quantity >= 10::numeric) AND (lineitem.l_quantity <= 20::numeric) AND (part.p_size <= 10)) OR ((part.p_brand = 'Brand#34'::bpchar) AND (part.p_container = ANY ('{""LG CASE"",""LG BOX"",""LG PACK"",""LG PKG""}'::bpchar[])) AND (lineitem.l_quantity >= 20::numeric) AND (lineitem.l_quantity <= 30::numeric) AND (part.p_size <= 15)))";(lineitem.l_partkey = part.p_partkey);0;0;0;0.0;0.0;45.599;1624.54;140625.0;Inner;48;0.0;0.0;0.0;0.0;0;0;5,7;1
19;7;10;8;Vector Streaming LOCAL REDISTRIBUTE;242.91400000000002;250.798;0.268;37124.5;2000000;2000000;2000000;0;1;1890;5334016;33554432;48;none;;;;0;0;0;0.0;0.0;0.0;0.0;0.0;none;0;0.0;0.0;218.546;18.6486;10;10;8;1
19;8;10;8;CStore Scan;55.851;55.851;0.425;14968.2;2000000;2000000;2000000;0;1;7520;5334016;33554432;48;part;;(p_size >= 1);;0;0;0;0.0;0.0;0.0;0.0;0.0;none;0;194.717;73.26;0.0;77.322;0;0;;1
19;5;10;8;Vector Streaming LOCAL REDISTRIBUTE;127.95600000000002;1463.6;0.179;229436.0;2203192;2141904;2141904;0;1;1890;5334016;33554432;41;none;;;;0;0;0;0.0;0.0;0.0;0.0;0.0;none;0;0.0;0.0;1415.71;24.3589;10;10;6;1
19;6;10;8;CStore Scan;1652.12;1652.12;6.455;205740.0;2203192;2141904;59986052;0;1;11610;5334016;33554432;41;lineitem;;"((l_shipmode = ANY ('{AIR,""AIR REG""}'::bpchar[])) AND (l_shipinstruct = 'DELIVER IN PERSON'::bpchar))";;0;0;0;0.0;0.0;0.0;0.0;0.0;none;0;320.378;256.4;0.0;41.656;0;0;;1
20;0;1;8;Row Adapter;0.128;1734.44;1734.27;0.0;2000;1804;1804;0;1;20;5334016;33554432;51;none;;;;0;0;0;0.0;0.0;0.0;0.0;0.0;none;0;0.0;0.0;0.0;0.0;0;0;1;1
20;1;1;8;Vector Sort;13.921;1734.32;1734.26;5.0;2000;1804;1804;0;1;734;5334016;33554432;51;none;;;;0;1;0;0.0;0.0;0.0;0.0;0.0;none;0;0.0;0.0;0.0;0.0;0;0;2;1
20;2;1;8;Vector Hash Join;11.116;1720.4;1516.99;138207.0;2000;1804;58655;4054;1;742;5334016;33554432;51;none;;;(lineitem.l_suppkey = supplier.s_suppkey);0;0;0;0.0;0.0;2.325;1658.08;328.596;Right Semi;59;0.0;0.0;0.0;0.0;0;0;3,13;1
20;7;10;8;CStore Scan;579.274;579.274;15.833;205740.0;9408358;9099165;59986052;0;1;8110;5334016;33554432;27;lineitem;;((l_shipdate >= '1994-01-01 00:00:00'::timestamp(0) without time zone) AND (l_shipdate < '1995-01-01 00:00:00'::timestamp without time zone));;0;0;0;0.0;0.0;0.0;0.0;0.0;none;0;673.695;467.891;0.0;103.15;0;0;;1
20;6;10;8;Vector Streaming LOCAL REDISTRIBUTE;411.60800000000006;831.411;0.125;517943.0;9408358;9099165;9099165;0;1;1470;5334016;33554432;27;none;;;;0;0;0;0.0;0.0;0.0;0.0;0.0;none;0;0.0;0.0;701.013;39.1708;10;10;7;1
20;5;10;8;Vector Hash Aggregate;657.683;1489.09;1321.29;35281.3;9408358;5441669;9099165;0;1;968791;5334016;33554432;59;none;;;;0;2;32;0.0;5441670.0;366.88;180.176;6929630.0;none;0;0.0;0.0;0.0;0.0;0;0;6;1
20;10;10;8;CStore Scan;43.521;43.521;2.949;27748.2;8000000;8000000;8000000;0;1;4940;5334016;33554432;24;partsupp;;;;0;0;0;0.0;0.0;0.0;0.0;0.0;none;0;0.0;0.0;0.0;0.0;0;0;;1
20;12;10;8;CStore Scan;100.257;100.257;1.399;14968.2;20202;21551;2000000;0;1;6912;5334016;33554432;8;part;;((p_name)::text ~~ 'forest%'::text);;0;0;0;0.0;0.0;0.0;0.0;0.0;none;0;97.529;81.213;0.0;0.867;0;0;;1
20;11;10;8;Vector Streaming BROADCAST;32.632000000000005;142.349;0.142;22789.0;161616;215510;21551;0;1;1120;5334016;33554432;8;none;;;;0;0;0;0.0;0.0;0.0;0.0;0.0;none;0;0.0;0.0;102.375;1.0739;10;10;12;1
20;9;10;8;Vector Sonic Hash Join;10.249;196.119;95.439;30349.4;80539;86204;8000000;215510;1;6750;5334016;33554432;32;none;;;(partsupp.ps_partkey = part.p_partkey);0;0;0;0.0;0.0;1.284;71.254;841.836;Inner;8;2.907;0.053;0.0;1.572;0;0;10,11;1
20;8;10;8;Vector Streaming LOCAL REDISTRIBUTE;5.708;170.891;117.213;37959.8;80539;86204;86204;0;1;1400;5334016;33554432;32;none;;;;0;0;0;0.0;0.0;0.0;0.0;0.0;none;0;0.0;0.0;154.291;0.1005;10;10;9;1
20;4;10;8;Vector Sonic Hash Join;36.109;1696.09;1469.47;138185.0;62;58655;5441669;86204;1;9651;5334016;33554432;16;none;;((partsupp.ps_availqty)::numeric > ((.5 * sum(lineitem.l_quantity))));((lineitem.l_partkey = partsupp.ps_partkey) AND (lineitem.l_suppkey = partsupp.ps_suppkey));0;0;0;0.0;0.0;0.753;1512.9;4714.28;Inner;32;3.863;0.0;0.0;0.272;0;0;5,8;1
20;3;1;8;Vector Streaming LOCAL GATHER;7.726;1650.09;1454.84;138187.0;62;58655;58655;0;1;121;5334016;33554432;16;none;;;;0;0;0;0.0;0.0;0.0;0.0;0.0;none;0;0.0;0.0;1643.87;2.488;1;10;4;1
20;14;1;8;CStore Scan;53.434;53.434;36.374;2340.0;100000;100000;100000;0;1;878;5334016;33554432;63;supplier;;;;0;0;0;0.0;0.0;0.0;0.0;0.0;none;0;0.0;0.0;0.0;0.0;0;0;;1
20;15;1;8;CStore Scan;2.648;2.648;2.028;25.0875;1;1;25;0;1;378;5334016;33554432;4;nation;;(n_name = 'CANADA'::bpchar);;0;0;0;0.0;0.0;0.0;0.0;0.0;none;0;0.0;0.0;0.0;0.0;0;0;;1
20;13;1;8;Vector Sonic Hash Join;3.112;59.194;40.507;2630.62;4000;4054;100000;1;1;381;5334016;33554432;59;none;;;(supplier.s_nationkey = nation.n_nationkey);0;0;0;0.0;0.0;0.28;55.803;0.0273438;Inner;4;0.0;0.0;0.0;0.0;0;0;14,15;1
21;0;1;8;Row Adapter;0.029;16622.7;16622.7;0.0;100;100;100;0;1;20;5334016;33554432;34;none;;;;0;0;0;0.0;0.0;0.0;0.0;0.0;none;0;0.0;0.0;0.0;0.0;0;0;1;1
21;1;1;8;Vector Limit;0.341;16622.7;16622.7;0.25;100;100;100;0;1;2;5334016;33554432;34;none;;;;0;0;0;0.0;0.0;0.0;0.0;0.0;none;0;0.0;0.0;0.0;0.0;0;0;2;1
21;2;1;8;Vector Sort;5.306;16622.4;16622.4;0.25;100;100;1000;0;1;294;5334016;33554432;34;none;;;;0;2;0;0.0;0.0;0.0;0.0;0.0;none;0;0.0;0.0;0.0;0.0;0;0;3;1
21;3;1;8;Vector Streaming LOCAL GATHER;0.046;16617.1;16617.0;0.856995;100;1000;1000;0;1;137;5334016;33554432;34;none;;;;0;0;0;0.0;0.0;0.0;0.0;0.0;none;0;0.0;0.0;16616.7;0.066;1;10;4;1
21;4;10;8;Vector Limit;0.012;16554.8;16519.4;0.25;100;1000;1000;0;1;20;5334016;33554432;34;none;;;;0;0;0;0.0;0.0;0.0;0.0;0.0;none;0;0.023;0.0;0.0;0.019;0;0;5;1
21;5;10;8;Vector Sort;1.466;16554.8;16519.4;21.795;8718;1000;2409;0;1;2940;5334016;33554432;34;none;;;;0;2;0;0.0;0.0;0.0;0.0;0.0;none;0;0.0;0.0;0.0;0.0;0;0;6;1
21;6;10;8;Vector Sonic Hash Aggregate;8.278;16553.4;16517.9;10.8975;8718;2409;23665;0;1;6850;5334016;33554432;34;none;;;;0;1;8;0.0;2409.0;0.495;0.027;1845.66;none;0;0.0;0.0;0.0;0.0;0;0;7;1
21;7;10;8;Vector Streaming LOCAL REDISTRIBUTE;8.534;16545.1;16516.3;532092.0;8718;23665;23665;0;1;1280;5334016;33554432;26;none;;;;0;0;0;0.0;0.0;0.0;0.0;0.0;none;0;0.0;0.0;16527.7;0.1291;10;10;8;1
21;8;10;8;Vector Sonic Hash Join;146.438;16642.5;2190.07;531918.0;8718;23665;486100;7309184;1;125088;5334016;33554432;26;none;;;(l1.l_orderkey = orders.o_orderkey);0;0;0;0.0;0.0;30.8;16361.6;228412.0;Inner;8;4.267;0.0;0.0;2.67;0;0;9,23;1
21;23;10;8;CStore Scan;238.284;238.284;12.441;42375.0;7324500;7309184;15000000;0;1;4450;5334016;33554432;8;orders;;(o_orderstatus = 'F'::bpchar);;0;0;0;0.0;0.0;0.0;0.0;0.0;none;0;0.0;0.0;0.0;0.0;0;0;;1
21;9;10;8;Vector Streaming BROADCAST;3846.802;16257.7;1942.54;531715.0;303928;486100;48610;0;1;720;5334016;33554432;42;none;;;;0;0;0;0.0;0.0;0.0;0.0;0.0;none;0;0.0;0.0;16013.1;68.1618;10;1;10;1
21;15;10;8;CStore Scan;666.476;666.476;8.073;186994.0;19995351;37929348;59986052;0;1;7500;5334016;33554432;16;lineitem;;(l_receiptdate > l_commitdate);;0;0;0;0.0;0.0;0.0;0.0;0.0;none;0;0.0;0.0;0.0;0.0;0;0;;1
21;18;10;8;CStore Scan;2.485;2.485;1.15;2340.0;100000;60000;100000;0;0;565;5334016;33554432;38;supplier;;;;0;0;0;0.0;0.0;0.0;0.0;0.0;none;0;0.0;0.0;0.0;0.0;0;0;;1
21;19;10;8;CStore Scan;0.899;0.899;0.071;25.0875;1;1;25;0;1;3429;5334016;33554432;4;nation;;(n_name = 'SAUDI ARABIA'::bpchar);;0;0;0;0.0;0.0;0.0;0.0;0.0;none;0;0.0;0.0;0.0;0.0;0;0;;1
21;17;10;8;Vector Sonic Hash Join;7.323;10.707;0.769;2630.62;4000;2410;60000;1;1;3620;5334016;33554432;34;none;;;(supplier.s_nationkey = nation.n_nationkey);0;0;0;0.0;0.0;0.009;3.58;0.0273438;Inner;4;66.888;61.028;0.0;2.181;0;0;18,19;1
21;16;10;8;Vector Streaming BROADCAST;11.720000000000013;69.737;0.213;10361.9;32000;24100;2410;0;1;1370;5334016;33554432;34;none;;;;0;0;0;0.0;0.0;0.0;0.0;0.0;none;0;0.0;0.0;38.9797;0.3795;10;10;17;1
21;14;10;8;Vector Sonic Hash Join;230.919;967.132;34.382;199357.0;799814;915027;37929348;24100;1;9070;5334016;33554432;42;none;;;(l1.l_suppkey = supplier.s_suppkey);0;0;0;0.0;0.0;8.257;908.676;1365.04;Inner;34;15575.7;15515.0;0.0;43.598;0;0;15,16;1
21;13;10;8;Vector Streaming LOCAL REDISTRIBUTE;121.40000000000146;6140.0;0.098;212418.0;799814;915027;915027;0;1;1630;5334016;33554432;42;none;;;;0;0;0;0.0;0.0;0.0;0.0;0.0;none;0;0.0;0.0;2442.38;4.2784;10;10;14;1
21;21;10;8;CStore Scan;507.066;507.066;6.899;186994.0;19995351;37929348;59986052;0;1;7500;5334016;33554432;16;lineitem;;(l_receiptdate > l_commitdate);;0;0;0;0.0;0.0;0.0;0.0;0.0;none;0;1006.53;445.198;0.0;174.634;0;0;;1
21;20;10;8;Vector Streaming LOCAL REDISTRIBUTE;1122.664;1816.94;0.146;345521.0;19995351;37929348;37929348;0;1;1210;5334016;33554432;16;none;;;;0;0;0;0.0;0.0;0.0;0.0;0.0;none;0;0.0;0.0;1734.75;13.0446;10;10;21;1
21;12;10;8;Vector Hash Join;529.803;8486.74;2250.12;218548.0;39991;81431;915027;37929348;1;1649762;5334016;33554432;42;none;;(l3.l_suppkey <> l1.l_suppkey);(l1.l_orderkey = l3.l_orderkey);0;0;0;0.0;0.0;238.364;6187.32;1481620.0;Anti;16;13621.0;13619.8;0.0;0.961;0;0;13,20;1
21;11;1;8;Vector Streaming LOCAL GATHER;2.400000000001455;2279.12;2271.11;219462.0;39991;81431;81431;0;1;147;5334016;33554432;42;none;;;;0;0;0;0.0;0.0;0.0;0.0;0.0;none;0;0.0;0.0;2270.41;2.729;1;10;12;1
21;22;1;8;CStore Index Scan;2964.55;2964.55;2964.55;104.041;57;91708;59986052;0;81431;621;5334016;33554432;16;lineitem;(l_orderkey = $0);(l_suppkey <> $1);;0;0;0;0.0;0.0;0.0;0.0;0.0;none;0;0.0;0.0;0.0;0.0;0;0;;1
21;10;1;8;Vector Nest Loop;9263.69;14507.4;2272.15;517770.0;37991;48610;81431;91708;1;392;5334016;33554432;42;none;;;;0;0;0;0.0;0.0;0.0;0.0;0.0;Semi;0;2046.49;123.089;0.0;257.938;0;0;11,22;1
22;0;1;8;Row Adapter;0.012;2616.57;2616.57;0.0;1;7;7;0;1;30;5334016;33554432;67;none;;;;0;0;0;0.0;0.0;0.0;0.0;0.0;none;0;0.0;0.0;0.0;0.0;0;0;1;1
22;1;1;8;Vector Sort;2.09;2616.56;2616.56;0.005;1;7;7;0;1;311;5334016;33554432;67;none;;;;0;1;0;0.0;0.0;0.0;0.0;0.0;none;0;0.0;0.0;0.0;0.0;0;0;5;1
22;5;1;8;Vector Streaming LOCAL GATHER;0.092;2614.47;2614.25;0.0182114;1;7;7;0;1;113;5334016;33554432;67;none;;;;0;0;0;0.0;0.0;0.0;0.0;0.0;none;0;0.0;0.0;2614.28;0.036;1;4;6;1
22;6;4;8;Vector Hash Aggregate;1.78;2597.37;2594.07;0.00625;1;7;63914;0;1;1292;5334016;33554432;67;none;;;;0;1;40;0.0;7.0;3.499;0.909;1.22363;none;0;0.046;0.0;0.0;0.022;0;0;7;1
22;7;4;8;Vector Streaming LOCAL REDISTRIBUTE;15.616;2595.59;2569.68;165858.0;1;63914;63914;0;1;412;5334016;33554432;27;none;;;;0;0;0;0.0;0.0;0.0;0.0;0.0;none;0;0.0;0.0;2592.76;1.1145;4;4;8;1
22;8;4;8;Vector Hash Join;370.609;2584.33;2564.33;165858.0;1;63914;15000000;190691;1;23128;5334016;33554432;27;none;;;(orders.o_custkey = public.customer.c_custkey);0;0;0;0.0;0.0;10.863;1253.18;10987.1;Right Anti;35;10.714;2.906;0.0;4.782;0;0;9,11;1
22;11;4;8;Vector Streaming LOCAL REDISTRIBUTE;55.694;1317.14;816.491;21210.7;17500;190691;190691;0;1;416;5334016;33554432;35;none;;;;0;0;0;0.0;0.0;0.0;0.0;0.0;none;0;0.0;0.0;1308.61;3.8235;4;1;12;1
22;12;1;8;CStore Scan;440.97;1253.72;813.617;14078.1;17500;190691;1500000;0;1;765;5334016;33554432;35;customer;;"((c_acctbal > $0) AND (""substring""((c_phone)::text, 1, 2) = ANY ('{13,31,23,29,30,18,17}'::text[])))";;0;0;0;0.0;0.0;0.0;0.0;0.0;none;0;50.685;22.838;0.0;15.633;0;0;2;1
22;9;4;8;Vector Streaming LOCAL REDISTRIBUTE;941.5;896.574;0.083;158359.0;15000000;15000000;15000000;0;1;248;5334016;33554432;8;none;;;;0;0;0;0.0;0.0;0.0;0.0;0.0;none;0;0.0;0.0;850.591;7.33875;4;4;10;1
22;10;4;8;CStore Scan;38.031;38.031;0.296;37687.5;15000000;15000000;15000000;0;1;1196;5334016;33554432;8;orders;;;;0;0;0;0.0;0.0;0.0;0.0;0.0;none;0;1986.56;1515.81;0.0;135.598;0;0;;1
22;2;1;8;Row Adapter;0.007;812.746;812.745;0.0;1;1;47769;0;1;11;5334016;33554432;43;none;;;;0;0;0;0.0;0.0;0.0;0.0;0.0;none;0;0.0;0.0;0.0;0.0;0;0;3;1
22;3;1;8;Vector Aggregate;5.134;812.739;812.738;0.01;1;1;47769;0;1;183;5334016;33554432;43;none;;;;0;0;32;0.0;1.0;0.0;0.0;0.0;none;0;0.0;0.0;0.0;0.0;0;0;4;1
22;4;1;8;CStore Scan;807.605;807.605;10.716;56625.0;47769;381776;1500000;0;1;665;5334016;33554432;11;customer;;"((c_acctbal > 0.00) AND (""substring""((c_phone)::text, 1, 2) = ANY ('{13,31,23,29,30,18,17}'::text[])))";;0;0;0;0.0;0.0;0.0;0.0;0.0;none;0;0.0;0.0;0.0;0.0;0;0;;1
